strength_to_weight_pullup,strength_to_weight_maxhang,strength_to_weight_weightpull,exp,continuous,repeaters1,max_sport_numeric
0.0292002996271361,1.2450331125827816,1.0662251655629138,7.0,16.0,31.0,4.0
0.2645547146218531,1.0799999999999998,1.16,5.0,28.0,120.0,11.0
0.2560206915695352,1.2258064516129032,1.5483870967741935,7.0,54.0,117.0,15.0
0.2004202383498887,1.303030303030303,1.4242424242424243,7.0,47.0,132.8,9.0
0.0776275571073512,1.2464788732394363,1.176056338028169,5.0,34.8,85.0,9.0
0.0953350322961632,1.162162162162162,1.2972972972972971,7.0,17.0,83.0,13.0
0.1233355312922392,1.1748251748251748,1.1748251748251748,6.0,32.8,80.0,11.0
0.1889676533013236,1.4888920644782715,1.4757412448945295,6.0,53.0,116.0,9.0
0.2405042860198664,1.5454545454545454,1.6363636363636362,6.0,65.0,195.0,17.0
0.2492182094263833,1.2,1.4,7.0,31.0,62.0,15.0
0.2307692307692307,1.036764705882353,1.0,6.0,27.0,32.0,5.0
0.205764778039219,1.8266666666666669,1.6733333333333331,4.0,56.0,165.0,11.0
0.2411305992647098,1.265625,1.546875,7.0,27.0,92.0,15.0
0.2087216683407125,1.4319526627218937,1.5502958579881656,5.0,60.0,205.0,11.0
0.1626360950544179,1.4098360655737705,1.2868852459016396,5.0,53.0,260.0,9.0
0.1543235835294143,1.1,1.15,6.0,37.0,97.0,9.0
0.2651128469311818,1.5063291139240509,1.5063291139240509,4.0,49.0,200.0,15.0
0.1936492843515816,1.4054054054054057,1.4256756756756757,7.0,50.0,120.0,6.6
0.1736975399032368,1.2727272727272727,1.4242424242424243,5.0,30.0,87.0,9.0
0.1978507481146337,1.301282051282051,1.4615384615384617,7.0,45.0,160.0,9.0
0.1102311310924387,1.3333333333333333,1.35,5.0,36.0,120.0,11.0
0.2431569068215561,1.4044117647058822,1.588235294117647,4.0,41.0,95.0,15.0
0.0516708426995806,1.341143115942029,1.274921014492754,2.0,50.0,114.4,7.4
0.1533650519546974,1.391304347826087,1.391304347826087,5.0,62.0,190.0,17.0
0.0678345422107315,1.2569895169895169,1.358974358974359,6.0,35.2,94.4,9.0
0.1603361906799109,1.2424242424242424,1.3333333333333337,4.0,41.0,60.0,11.0
0.2275739480618091,1.6451612903225803,1.8064516129032255,7.0,67.0,120.0,17.0
0.2204622621848775,1.4166666666666667,1.375,7.0,40.0,90.0,8.4
0.1410958477983216,1.24,1.28,5.0,40.0,113.0,4.0
0.2449580690943084,1.5555555555555556,1.5185185185185186,6.0,45.0,180.0,13.0
0.1706804610463568,1.3483870967741935,1.3483870967741935,7.0,56.0,98.0,13.0
0.2805883336898441,1.590909090909091,1.6363636363636362,5.0,65.0,152.6,13.0
0.1515678052521033,1.25,1.21875,7.0,21.0,62.0,6.8
0.2305487709122902,1.6862745098039216,1.5228758169934642,4.0,64.0,120.0,6.2
0.1924111831703531,1.3905194805194805,1.4923129251700682,7.0,50.8,119.2,13.0
0.1514626228751067,1.1908396946564883,1.267175572519084,5.0,18.0,50.0,5.0
0.2887005814325777,1.505952380952381,1.5952380952380951,7.0,72.0,204.0,9.0
0.1827035321974123,1.3591160220994476,1.3038674033149171,7.0,48.0,110.0,9.0
0.214735969660595,1.357142857142857,1.6168831168831168,6.0,55.0,110.0,9.0
0.2280644091567699,1.482758620689655,1.482758620689655,7.0,57.0,183.0,15.0
0.2493323203281353,1.6428571428571428,1.6547619047619049,6.0,82.0,204.0,17.0
0.1837185518207313,1.2916666666666667,1.3666666666666667,5.0,20.0,79.8,4.0
0.2204622621848775,1.2083333333333333,1.4166666666666667,7.0,38.0,84.0,15.0
0.0275577827731096,1.09375,1.09375,6.0,19.5,56.0,9.0
0.1876274571786192,1.4044931809637693,1.4533319940146905,7.0,46.0,126.0,13.0
0.1695863555268289,1.5384615384615383,1.5384615384615383,4.0,43.0,161.0,9.0
0.119168790370204,1.281081081081081,1.2972972972972971,5.0,39.0,132.0,11.0
0.2066833707983227,1.3125,1.6249999999999998,6.0,30.0,156.0,13.0
0.205764778039219,1.48,1.5133333333333334,3.0,41.0,100.0,11.0
0.0816526896981028,1.0462962962962965,1.138888888888889,3.0,15.0,37.0,9.0
0.1240100224789936,1.03125,1.3375,4.0,14.0,76.0,9.0
0.2286275311546878,1.542618484641432,1.5555555555555556,7.0,11.0,40.0,9.0
0.2964198483158017,1.084033613445378,1.5882352941176472,1.0,18.0,120.0,5.0
0.304586020123844,1.888157894736842,1.5921052631578947,7.0,78.0,170.0,15.0
0.2688564172986312,1.548780487804878,1.7621951219512195,3.0,60.0,116.0,9.0
0.1787531855553061,1.391891891891892,1.337837837837838,7.0,64.0,195.0,11.0
0.2574741748144555,1.2923307435287954,1.6204379562043794,7.0,45.0,70.0,11.0
0.1991272045540829,1.3548387096774193,1.567741935483871,3.0,38.0,90.0,5.0
0.1757307886980908,1.2173913043478262,1.434782608695652,7.0,36.0,100.0,9.0
0.310908318465853,1.4166666666666667,1.544871794871795,4.0,64.0,170.0,17.0
0.2926490205993949,1.5752212389380529,1.4867256637168142,5.0,48.6,100.0,13.0
0.0339172711053657,1.0,1.0,3.0,7.0,15.0,7.0
0.1216343515502772,1.2413793103448276,1.1724137931034484,5.0,60.0,98.0,9.0
0.2755778277310969,1.5208333333333333,1.7638888888888888,7.0,45.0,133.0,13.0
0.1672472333816312,1.1921741400144843,1.3448275862068966,3.0,12.0,24.0,9.0
0.082673348319329,1.2125,1.1625,6.0,24.0,62.2,9.0
0.1234588668235314,1.32,1.16,7.0,55.0,200.0,13.0
0.403460349096508,1.6209150326797386,1.7189542483660132,7.0,76.0,220.0,15.0
0.0302003098883393,1.079428831886134,1.1232876712328768,7.0,13.0,41.0,5.0
0.1130575703512192,1.205128205128205,1.3333333333333333,4.0,34.0,67.0,9.0
0.2993931955597103,1.5864197530864197,1.648148148148148,7.0,63.0,94.0,9.0
1.1310043668122272,1.0,1.0,3.0,2.0,10.0,5.0
0.0555787215592128,1.0,1.0084033613445378,2.0,10.0,66.0,4.0
0.1240100224789936,1.25,1.34375,4.0,31.0,68.0,7.0
0.1259784355342157,1.2214285714285713,1.2214285714285713,7.0,31.0,91.0,9.0
0.0440924524369755,1.0,1.0666666666666669,6.0,10.0,4.0,11.0
0.2232529237315215,1.6329113924050631,1.7911392405063291,7.0,54.0,206.0,17.0
0.1825483699620005,1.3503184713375798,1.573248407643312,2.0,41.0,110.0,9.0
0.1637719661944804,1.5142857142857145,1.6285714285714286,4.0,60.0,160.0,11.0
0.2004202383498887,1.5594405594405594,1.4195804195804196,5.0,60.0,130.0,9.0
0.233008894992147,1.4308943089430894,1.5121951219512195,4.0,59.0,257.0,9.0
0.2527592814858468,1.229299363057325,1.573248407643312,6.0,26.0,137.0,13.0
0.146974841456585,1.4242424242424243,1.4242424242424243,4.0,61.0,9.0,9.0
0.2280644091567699,1.3793103448275863,1.517241379310345,7.0,48.0,73.0,15.0
0.2313492874779579,1.2469135802469136,1.648148148148148,7.0,43.0,125.0,13.0
0.0676264607929072,1.0,1.134969325153374,7.0,11.0,23.0,9.0
0.3306933932773164,1.41,1.55,3.0,41.0,100.0,9.0
0.1889676533013236,1.457142857142857,1.457142857142857,3.0,30.0,90.0,3.0
0.0979832276377233,1.4444444444444444,1.3888888888888888,7.0,17.0,85.0,13.0
0.1706804610463568,1.2258064516129032,1.2903225806451613,5.0,14.0,45.0,9.0
0.2204622621848775,1.5,1.5,4.0,45.0,146.0,9.0
0.1377889138655484,1.4375,1.375,3.0,61.0,135.0,9.0
0.0942146419593494,1.1452991452991452,1.170940170940171,5.0,20.0,43.0,11.0
0.2651128469311818,1.6329113924050631,1.5696202531645569,7.0,70.0,45.0,13.0
0.179446027359784,1.2034883720930232,1.5581395348837208,5.0,36.0,123.0,9.0
0.179446027359784,1.2034883720930232,1.5581395348837208,5.0,36.0,123.0,9.0
0.2204622621848775,1.1875,1.525,7.0,24.0,99.4,11.0
0.2204622621848775,1.1875,1.525,7.0,24.0,99.4,11.0
0.1884292839186988,1.5555555555555556,1.4273504273504274,4.0,40.0,90.0,9.0
0.1884292839186988,1.5555555555555556,1.4273504273504274,4.0,40.0,90.0,9.0
0.154169414115299,1.3846153846153846,1.3496503496503498,5.0,28.0,123.0,9.0
0.154169414115299,1.3846153846153846,1.3496503496503498,5.0,28.0,123.0,9.0
0.2723370115759358,1.4966100170743943,1.5970335415170374,5.2,52.2,273.0,10.6
0.1533650519546974,1.1652457627118644,1.2154491525423727,7.0,32.0,94.2,11.0
0.344940954438924,1.7142857142857142,1.6802721088435373,7.0,85.0,197.0,15.0
0.2374208977375604,1.3076923076923077,1.3076923076923077,7.0,48.0,140.0,15.0
0.0661386786554632,1.1,1.0,5.0,27.0,5.0,3.0
0.2681297783329592,1.5405405405405403,1.7770270270270272,7.0,45.0,135.0,13.0
0.0336583606389126,1.155166641466177,1.0381679389312977,6.0,32.0,72.2,9.0
0.2204622621848775,1.1125,1.4375,7.0,31.0,90.0,11.0
0.146974841456585,1.15,1.2916666666666667,7.0,42.0,90.0,13.0
0.3510545576192317,1.4458598726114649,1.573248407643312,4.0,52.0,188.0,17.0
0.1377889138655484,1.0,1.3125,6.0,9.0,10.0,4.0
0.2428821532545261,1.2966101694915255,1.3220338983050848,5.0,38.0,173.0,13.0
0.0907785785467142,1.276470588235294,1.188235294117647,5.0,31.0,134.0,9.0
0.0249109900773872,1.1129943502824855,1.0,4.0,15.0,37.0,3.0
0.1397296027932322,1.1408450704225352,1.352112676056338,6.0,26.0,40.0,13.0
0.3218427185180694,1.3430656934306568,1.3284671532846717,7.0,69.0,246.0,13.0
0.261288607033929,1.6666666666666667,1.5925925925925926,3.0,46.0,130.0,9.0
0.0734874207282925,1.2916666666666667,1.1416666666666666,6.0,29.0,109.0,5.0
0.1894597565651291,1.546875,1.4687500000000002,6.0,45.0,40.0,7.0
0.1695863555268289,1.1153846153846154,1.2692307692307692,4.0,23.0,62.0,13.0
0.3948577830176911,1.671641791044776,1.8582089552238803,7.0,64.0,293.0,19.0
0.1503151787624165,1.2272727272727273,1.3977272727272727,4.0,35.0,76.0,9.0
0.3649030546508318,1.606896551724138,1.8551724137931036,7.0,60.0,225.0,15.0
0.128841581796357,1.1363636363636365,1.292207792207792,3.0,20.0,63.0,9.0
0.472419133253309,1.6785714285714284,1.7142857142857142,4.0,61.4,330.0,13.0
0.1458941440929337,1.2454677684427176,1.3454799169425862,3.0,21.0,56.0,5.0
0.1649494143816171,1.251572327044025,1.3773584905660377,4.0,30.0,118.8,9.0
0.2399589248270776,1.4081632653061225,1.510204081632653,3.0,43.0,96.0,4.0
0.1807067722826865,1.4043715846994536,1.4808743169398908,3.0,40.0,88.0,5.0
0.2320655391419764,1.381578947368421,1.3947368421052633,7.0,52.0,126.4,13.0
0.1224790345471542,1.277777777777778,1.2314814814814816,4.0,42.0,116.0,13.0
0.1417257399759927,1.0,1.1785714285714284,4.0,3.0,37.0,7.0
0.0537712834597262,1.2195121951219514,1.0426829268292683,7.0,26.0,36.0,9.0
0.3261276067823633,1.2366863905325445,1.710059171597633,7.0,46.0,155.0,13.0
0.3649030546508318,1.5034482758620689,1.5517241379310347,7.0,60.0,250.0,13.0
0.2309604651460622,1.4519452592904891,1.428344828142682,5.0,39.0,105.0,9.0
0.1945255254572449,1.6470588235294117,1.4117647058823528,7.0,60.0,138.0,11.0
0.2393590275150099,1.5371428571428571,1.5371428571428571,4.0,36.0,138.0,9.0
0.2271429367965405,1.3636363636363638,1.5151515151515151,3.0,45.0,57.0,9.0
0.0801680953399554,1.181818181818182,1.0818181818181818,5.0,37.0,60.0,3.0
0.2004202383498887,1.460318905371537,1.4893329193855511,6.0,35.0,128.8,5.0
0.1534863850654211,1.1455696202531644,1.3481012658227849,3.0,27.0,5.0,4.0
0.3881377855367562,1.5985915492957747,1.704225352112676,4.0,60.0,7.0,7.0
0.1296836836381632,1.2352941176470589,1.2647058823529411,5.0,23.6,85.0,11.0
0.1649717608186158,1.142857142857143,1.292517006802721,3.0,27.8,60.0,5.0
0.3371775774592245,1.676470588235294,1.676470588235294,6.0,70.0,170.0,17.0
0.1706804610463568,1.206451612903226,1.2903225806451613,2.0,31.6,85.0,5.0
0.121727629427233,1.0429447852760736,1.4171779141104297,3.0,18.0,3.0,7.0
0.2261151407024385,1.7264957264957266,1.5555555555555556,6.0,70.0,150.0,11.0
0.3169145018907615,1.20625,1.61875,5.0,28.0,120.0,7.0
0.1534863850654211,1.1455696202531644,1.3924050632911391,4.0,34.0,75.0,9.0
0.2432687031005545,1.6551724137931034,1.5862068965517242,4.0,49.0,136.0,11.0
0.2232529237315215,1.4240506329113924,1.4683544303797469,7.0,44.0,106.0,9.0
0.1511760011328748,1.075187969924812,1.2288243900698073,7.0,13.0,106.0,7.0
0.0907785785467142,1.2470588235294118,1.3352941176470587,6.0,18.0,70.0,9.0
0.176369809747902,1.6133333333333333,1.4400000000000002,6.0,57.0,150.0,15.0
0.1846804290553948,1.2513089005235605,1.523560209424084,5.0,30.0,90.2,11.0
0.146974841456585,1.1185185185185187,1.2592592592592593,3.0,23.0,25.0,3.0
0.2882968043956091,1.2076923076923078,1.4769230769230768,3.0,20.0,74.0,7.0
0.2469177336470628,1.44,1.32,4.0,45.0,114.0,9.0
0.2346621171327842,1.3142857142857145,1.354285714285714,6.4,37.8,189.0,13.0
0.2527592814858468,1.67515923566879,1.7961783439490446,5.6,62.0,250.0,11.0
0.1058218858487412,1.32,1.28,3.0,42.0,73.0,7.0
0.2939496829131701,1.3939393939393938,1.5151515151515151,5.0,42.0,75.0,7.0
0.1959664552754467,1.4444444444444446,1.4074074074074074,5.0,45.0,75.0,9.0
0.2610737315347234,1.4605263157894737,1.5855263157894737,3.0,35.0,203.0,5.0
0.1252626489686804,1.09375,1.3602272727272726,3.0,20.0,54.0,7.0
0.3700065938767176,1.5594405594405594,1.6993006993006992,4.0,42.0,103.0,9.0
0.2285279547038365,1.5182926829268293,1.5914634146341462,3.0,53.0,165.0,11.0
0.176369809747902,1.0285714285714287,1.457142857142857,4.0,12.0,35.0,7.0
0.2939496829131701,1.5454545454545454,1.5454545454545454,8.0,73.0,205.0,11.0
0.2168481267392238,1.3688524590163935,1.3688524590163935,3.0,69.0,125.0,9.0
0.3256667970617973,1.8253050738599872,1.706486833654464,3.0,86.0,275.0,17.0
0.4115295560784381,1.4333333333333336,1.9333333333333336,2.0,24.0,55.0,3.0
0.3195105249056196,1.615942028985507,1.7971014492753623,3.0,63.0,124.0,11.0
0.1002101191749443,1.0909090909090908,1.1722449239039627,4.0,13.0,32.0,7.0
0.3527396194958041,1.4333333333333336,1.7333333333333334,5.0,45.0,155.0,9.0
0.3724024699068878,1.8445945945945943,1.6283783783783785,5.0,70.0,20.0,9.0
0.3149460888355394,1.792857142857143,1.792857142857143,7.0,67.0,160.0,17.0
0.2549563576287699,1.4081632653061225,1.5782312925170068,5.0,48.0,94.0,9.0
0.2723357356401428,1.4823529411764709,1.6176470588235294,5.0,52.0,235.0,13.0
0.2645547146218531,1.5333333333333332,1.6666666666666663,3.0,35.0,80.0,11.0
0.201730174548254,1.2614379084967322,1.5032679738562091,7.0,27.0,60.0,15.0
0.0928262156567905,1.0,1.1578947368421053,1.0,7.0,36.0,3.0
0.1506263903126492,1.124223602484472,1.3105590062111805,6.0,28.0,56.0,5.0
0.2267611839615883,1.351994970479899,1.4,4.0,30.0,80.0,5.0
0.2267611839615883,1.351994970479899,1.4,4.0,30.0,80.0,5.0
0.299948656033847,1.238095238095238,1.3401360544217686,8.0,34.0,90.0,5.0
0.1980199959744409,1.3592814371257484,1.3293413173652693,6.0,22.0,105.0,13.0
0.214735969660595,1.1623376623376624,1.422077922077922,8.0,37.0,74.0,11.0
0.4641310782839528,1.4285714285714286,1.4316380320380175,3.0,42.2,148.8,9.0
0.2718027889950545,1.2397260273972603,1.5136986301369864,6.0,34.0,170.0,7.0
0.1695863555268288,1.137362637362637,1.4120879120879122,5.0,18.0,6.0,7.0
0.213350576307946,1.3419354838709678,1.5225806451612902,7.0,42.0,98.0,9.0
0.1922636007426258,1.3837209302325582,1.4883720930232558,8.0,44.0,110.0,9.0
0.1049820296118464,1.328042328042328,1.2910052910052912,6.0,49.0,147.0,11.0
0.198299389266821,1.3756613756613756,1.3174603174603174,7.0,36.0,120.0,13.0
0.082032469650187,1.0465116279069768,1.162790697674419,7.0,18.0,30.0,5.0
0.2538656352431924,1.4242424242424243,1.5454545454545454,3.0,43.0,125.0,7.0
0.0775495394620172,1.1758793969849246,1.2261306532663316,7.0,26.0,62.0,4.0
0.4206187896948322,1.611842105263158,2.0328947368421053,5.0,64.0,205.0,15.0
0.2313492874779579,1.3024691358024691,1.4876543209876545,7.0,37.0,130.0,11.0
0.4792657873584295,1.608695652173913,1.6695652173913045,7.0,75.0,330.0,15.0
0.213350576307946,1.5806451612903227,1.5483870967741935,7.0,52.0,152.0,4.0
0.1377889138655484,1.375,1.5,8.0,24.0,46.0,11.0
0.1865449910795118,1.3846153846153846,1.2615384615384615,5.0,40.0,91.0,9.0
0.1181047833133272,1.0357142857142858,1.1517857142857144,4.0,18.0,36.0,9.0
0.1181047833133272,1.0357142857142858,1.1517857142857144,4.0,18.0,36.0,9.0
0.1188119975846645,1.2694610778443114,1.3592814371257484,6.0,31.0,161.0,9.0
0.1953463082650814,1.5379746835443038,1.4746835443037976,8.0,54.0,172.0,11.0
0.2489090056926037,1.4274193548387095,1.5080645161290325,4.0,65.0,130.0,9.0
0.2074938938210612,1.2529411764705882,1.4117647058823528,4.0,32.0,67.0,9.0
0.0551155655462193,1.0416666666666667,1.075,2.0,15.0,40.0,4.0
0.2204622621848775,1.1470588235294117,1.3529411764705883,2.0,25.0,56.0,7.0
0.1773834293441543,1.2534409443255683,1.4022988505747127,2.0,14.0,67.0,7.0
0.2137815875732146,1.3757575757575755,1.4242424242424243,5.0,42.0,65.0,9.0
0.2560206915695352,1.3225806451612905,1.6451612903225803,2.0,47.0,76.0,7.0
0.2305487709122902,1.5228758169934642,1.457516339869281,6.0,91.0,246.0,9.0
0.2939496829131701,1.6266666666666665,1.76,5.0,58.0,250.0,13.0
0.1923496247250609,1.3355704697986577,1.2684563758389262,5.0,44.0,65.0,7.0
0.1909515656719412,1.2362204724409451,1.3543307086614174,3.0,29.0,86.0,9.0
0.2351597463305361,1.0,1.6666666666666663,4.0,10.0,24.0,7.0
0.0426701152615892,1.167741935483871,1.064516129032258,4.0,22.0,4.0,1.0
0.1923496247250609,1.3691275167785235,1.5033557046979864,7.0,40.0,155.0,13.0
0.3349162503469078,1.4623513870541611,1.5284015852047557,8.0,61.0,195.0,13.0
0.1889676533013236,1.457142857142857,1.5714285714285714,4.0,45.0,320.0,11.0
0.1434961469842398,1.2366863905325445,1.3550295857988166,7.0,35.0,100.0,9.0
0.2038957338126035,1.46242774566474,1.6358381502890174,7.0,53.0,125.0,11.0
0.1889676533013236,1.25,1.4285714285714286,7.0,63.0,137.0,13.0
0.1847449124454281,1.4189944134078212,1.5307262569832405,8.0,30.0,135.0,11.0
0.2583542134979034,1.1953125,1.390625,3.0,34.0,77.0,7.0
0.1695863555268288,1.1923076923076923,1.5934065934065933,2.0,25.0,36.0,9.0
0.2383375807404081,1.4324324324324325,1.7567567567567568,4.0,42.0,122.0,13.0
0.1453597333087104,1.21978021978022,1.3296703296703296,7.0,30.0,71.0,9.0
0.1945255254572449,1.2352941176470589,1.323529411764706,5.0,35.0,140.0,11.0
0.1807067722826865,1.147540983606557,1.221311475409836,1.0,20.0,49.0,3.0
0.2939496829131701,1.3331193640494106,1.4733333333333334,5.0,45.0,106.0,9.0
0.2204622621848775,1.8,1.7666666666666668,3.0,68.0,146.0,9.0
0.3602324545504535,1.588235294117647,1.588235294117647,7.0,61.0,245.0,13.0
0.1336134922332591,1.2424242424242424,1.2727272727272727,2.0,20.0,100.0,9.0
0.1736975399032368,1.2727272727272727,1.4545454545454546,2.0,21.0,45.0,5.0
0.0565287851756096,1.0,1.0961538461538465,3.0,8.0,22.0,5.0
0.2079832662121486,1.3773584905660377,1.2830188679245282,2.0,56.0,124.0,4.0
0.3298254316151712,1.4724409448818898,1.5511811023622046,7.0,61.0,103.0,15.0
0.2796845819519269,1.4081632653061225,1.6122448979591837,4.0,46.24,135.0,9.0
0.1940067907226922,1.352,1.28,7.0,68.0,98.0,9.0
0.176369809747902,1.1142857142857143,1.4857142857142858,6.0,24.5,85.0,11.0
0.2035036266321946,1.2307692307692306,1.3846153846153846,6.0,31.0,173.0,13.0
0.3646744186516772,1.7894736842105263,1.8270676691729324,5.0,70.0,203.0,11.0
0.179125588025213,1.3125,1.34375,7.0,40.0,75.0,7.0
0.179125588025213,1.5,1.5,7.0,58.0,183.0,13.0
0.2311297910002749,1.403225806451613,1.4838709677419355,4.0,43.0,200.0,11.0
0.331522198774252,1.6246240420105402,1.8270676691729324,6.0,75.0,186.2,15.0
0.1428571428571428,1.0,1.0,7.0,13.0,23.0,5.0
0.2342411535714324,1.4375,1.4375,2.0,48.0,80.0,4.0
0.1837185518207313,1.1282051282051282,1.3333333333333337,7.0,23.0,75.0,11.0
0.213350576307946,1.3870967741935485,1.4193548387096775,3.0,38.4,81.2,7.0
0.117579873165268,1.2466666666666668,1.2,7.0,30.0,70.0,7.0
0.2313492874779579,1.0740740740740742,1.4012345679012346,3.0,15.0,24.0,4.0
0.0944838266506618,1.1928571428571428,1.1285714285714286,7.0,21.0,60.0,7.0
0.194189557364918,1.616580310880829,1.538860103626943,7.0,61.0,131.0,11.0
0.2177405058616074,1.339506172839506,1.5555555555555556,7.0,35.0,82.0,13.0
0.1837185518207313,1.2500000000000002,1.2916666666666667,7.0,46.0,74.0,13.0
0.2015654968547452,1.2571428571428571,1.6171428571428574,5.0,39.0,84.0,9.0
0.2128601152129852,1.4137931034482758,1.6206896551724137,5.0,50.2,128.0,5.0
0.3090592460535666,1.5140186915887852,1.4205607476635511,6.0,37.0,105.0,9.0
0.2272806826648222,1.443298969072165,1.4123711340206184,6.0,63.0,225.0,13.0
0.0551155655462193,1.0625,1.0625,8.0,23.0,36.0,9.0
0.146974841456585,1.1777777777777778,1.5,2.0,32.0,114.0,9.0
0.1929044794117678,1.3125,1.41875,4.0,60.0,110.0,9.0
0.1094493500208612,1.0354609929078014,1.1985815602836878,4.0,11.0,22.0,7.0
0.1259784355342157,1.1785714285714284,1.1785714285714284,3.0,47.0,45.0,3.0
0.1881994921090418,1.3353658536585369,1.3658536585365857,7.0,45.0,220.0,9.0
0.127636046528087,1.2789473684210526,1.3789473684210527,5.0,61.0,75.0,9.0
0.1112424258731033,1.1605504587155964,1.2064220183486238,5.0,22.0,51.0,5.0
0.213350576307946,1.3763440860215053,1.6182795698924732,2.0,30.0,75.0,9.0
0.2505252979373608,1.4545454545454546,1.3409090909090908,7.0,40.0,7.0,9.0
0.1796359173358261,1.2962962962962965,1.2592592592592593,7.0,42.4,100.0,9.0
0.176369809747902,1.0,1.264,1.0,4.0,37.0,3.0
0.0938137285893096,1.3297872340425532,1.1861702127659577,7.0,32.0,85.0,7.0
0.5030682492809287,1.2684563758389262,1.812080536912752,7.0,22.0,60.0,11.0
0.2338236114082034,1.5478132898362371,1.4545454545454546,4.0,64.0,147.0,7.0
0.0904460562809754,1.2564102564102564,1.2564102564102564,7.0,39.0,67.0,9.0
0.1850032969383588,1.4545454545454546,1.3146853146853146,5.0,55.0,147.0,5.0
0.1574730444177697,1.1031746031746033,1.1984126984126984,2.0,16.0,36.0,3.0
0.4072232868383089,1.3312101910828025,1.6369426751592355,7.0,49.0,213.0,13.0
0.0976731541325407,1.3164556962025318,1.2341772151898736,7.0,26.0,115.0,9.0
0.2775049454075382,1.3076923076923077,1.5874125874125875,3.0,52.0,113.0,9.0
0.2084370478838842,1.0727272727272728,1.3272727272727274,6.0,23.0,48.0,9.0
0.2677041755102085,1.2714285714285714,1.4714285714285715,5.0,26.0,81.0,9.0
0.2351597463305361,1.3333333333333337,1.48,7.0,46.0,125.0,11.0
0.2696301048304258,1.287769784172662,1.539568345323741,7.0,39.5,125.0,9.0
0.3129141785849875,1.6258064516129034,1.8516129032258064,5.0,66.0,110.0,9.0
0.4199281184473858,1.6285714285714286,1.6285714285714286,5.0,52.0,173.0,9.0
0.1637719661944804,1.3142857142857145,1.457142857142857,7.0,32.0,120.0,13.0
0.2617989363445421,1.1875,1.71875,7.0,34.0,124.0,13.0
0.213350576307946,1.6774193548387095,1.7096774193548387,6.0,57.0,188.0,9.0
0.2261151407024385,1.5982905982905982,1.4273504273504274,3.0,67.0,189.0,13.0
0.1234588668235314,1.288,1.32,5.0,21.0,90.0,11.0
0.2523363241875104,1.3493975903614457,1.5120481927710845,7.0,43.0,157.0,9.0
0.3275439323889609,1.5714285714285714,1.7885714285714285,8.0,58.0,210.0,15.0
0.214735969660595,1.37012987012987,1.538961038961039,4.0,45.0,121.0,7.0
0.2940525793357272,1.7407407407407407,1.6296296296296298,3.0,50.0,109.8,9.0
0.460966548204744,1.2727272727272727,1.5454545454545454,3.0,30.0,107.2,9.0
0.1971613726856628,1.4065040650406504,1.3658536585365852,3.0,35.0,110.0,9.0
0.146974841456585,1.2592592592592593,1.3703703703703702,5.0,36.0,110.0,5.0
0.2819866144225178,1.4069767441860466,1.6569767441860466,4.0,34.0,184.0,11.0
0.165051960994026,1.1871657754010696,1.427807486631016,4.0,23.7,86.0,9.0
0.2372062314647416,1.3639240506329111,1.5253164556962024,3.0,46.0,130.0,7.0
0.1310856694072245,1.135135135135135,1.2702702702702702,5.0,33.0,90.0,5.0
0.152627719974146,1.2692307692307692,1.2692307692307692,4.0,34.0,105.0,11.0
0.1945255254572449,1.576470588235294,1.488235294117647,7.0,59.0,223.0,13.0
0.0752797968436167,1.2439024390243902,1.2146341463414634,7.0,26.0,25.0,9.0
0.1494659404643237,1.2966101694915255,1.1949152542372885,7.0,26.0,75.0,9.0
0.2417973198156721,1.3225806451612905,1.5806451612903227,4.0,40.0,112.0,11.0
0.201730174548254,1.457516339869281,1.6535947712418302,7.0,55.0,200.0,13.0
0.2792521987675116,1.5799999999999998,1.8,7.0,54.0,195.0,13.0
0.154169414115299,1.5594405594405594,1.4545454545454546,4.8,25.0,51.0,5.0
0.3429412967320318,1.7407407407407407,1.777777777777778,6.0,60.0,252.0,9.0
0.0734874207282925,1.4,1.2666666666666668,3.0,38.0,106.0,7.0
0.0951635664107385,1.1079136690647482,1.2158273381294966,6.0,31.0,75.0,11.0
0.1603361906799109,1.2545454545454544,1.4545454545454546,3.0,28.0,117.0,7.0
0.2066833707983227,1.4375,1.6249999999999998,7.0,52.0,103.0,11.0
0.2236573674339337,1.434782608695652,1.2681159420289854,2.0,35.0,77.4,7.0
0.088184904873951,1.1800000000000002,1.1333333333333333,7.0,29.0,83.0,7.0
0.2129465032467567,1.5227272727272727,1.5397727272727273,6.0,72.0,186.0,11.0
0.2776191449735495,1.6666666666666667,1.5925925925925926,3.0,41.0,150.0,9.0
0.1695863555268289,1.1,1.253846153846154,4.0,22.0,74.0,5.0
0.1959664552754467,1.4166666666666663,1.638888888888889,3.0,34.0,64.0,9.0
0.0443883749365525,1.2080536912751678,1.2348993288590604,5.0,37.0,196.0,5.0
0.2307692307692307,1.0967741935483872,1.0,4.0,12.0,51.0,1.0
0.2244226621043663,1.4491017964071855,1.5688622754491015,7.0,63.0,184.0,13.0
0.2015654968547452,1.0,1.6057142857142856,6.0,47.0,89.0,9.0
0.307311032136496,1.6666666666666667,1.6666666666666667,8.0,58.0,249.0,9.0
0.2204622621848775,1.5357142857142856,1.5,8.0,58.0,175.0,13.0
0.2498572304761946,1.4,1.413333333333333,7.0,44.5,118.0,11.0
0.1911522504493158,1.5202312138728324,1.5202312138728324,5.0,53.0,106.0,11.0
0.3121589553060213,1.7964601769911503,1.5398230088495577,7.0,74.0,263.0,11.0
0.4025832613810807,1.869565217391304,1.6521739130434785,7.0,75.0,197.0,11.0
0.2150851338389049,1.4573170731707317,1.3658536585365857,7.0,59.0,147.0,11.0
0.2261151407024385,1.3717948717948718,1.4807692307692306,7.0,38.0,182.0,11.0
0.1981683255594405,1.095505617977528,1.4213483146067416,3.0,27.0,37.0,9.0
0.0925016484691794,1.0769230769230769,1.153846153846154,7.0,18.0,44.0,9.0
0.1587328287731118,1.24,1.48,6.0,35.0,83.0,15.0
0.3982544091081659,1.3548387096774193,1.741935483870968,6.0,45.0,70.0,11.0
0.1672472333816312,1.3793103448275863,1.3448275862068966,8.0,42.0,139.0,9.0
0.299948656033847,1.6870748299319729,1.619047619047619,3.0,57.0,126.0,11.0
0.2064253391244172,1.4369538077403246,1.5617977528089888,6.0,46.0,116.0,13.0
0.2466710625844784,1.6293706293706296,1.5594405594405594,6.0,55.0,180.0,15.0
0.0537712834597262,1.0612005365526491,1.1123956294846704,5.0,13.0,41.0,5.0
0.1905229426289065,1.2777777777777777,1.432098765432099,5.0,47.0,89.0,13.0
0.2939496829131701,1.3871601160080422,1.6275318043520808,4.0,39.2,111.2,11.0
0.2393590275150099,1.6285714285714286,1.6571428571428573,7.0,67.0,224.0,17.0
0.2234414819441326,1.358108108108108,1.4189189189189189,7.0,44.0,158.0,11.0
0.4409245243697551,1.6,1.7307692307692308,8.0,78.0,205.0,15.0
0.1787531855553061,1.2364864864864864,1.4797297297297298,7.0,33.0,115.0,17.0
0.0681842047994466,1.0,1.1804123711340206,7.0,10.0,16.0,11.0
0.1574730444177697,1.3316326530612244,1.433673469387755,7.0,55.0,190.0,13.0
0.1428571428571428,1.0,1.0,7.0,10.0,24.0,7.0
0.2672269844665182,1.303030303030303,1.4545454545454546,4.0,30.0,150.0,5.0
0.1695863555268288,1.3681318681318682,1.5494505494505495,7.0,37.0,107.0,11.0
0.2683888409207205,1.4608695652173913,1.3304347826086955,4.0,62.0,266.0,13.0
0.1153581604455754,1.0436046511627906,1.2034883720930232,6.0,15.0,44.0,9.0
0.1714706483660159,1.3333333333333333,1.4444444444444444,6.0,35.0,87.0,9.0
0.168688844367693,1.3373716763374353,1.618504112733533,8.0,47.0,94.0,13.0
0.1347269380018696,1.1388888888888888,1.3555555555555554,6.0,21.0,72.0,3.0
0.1489609879627551,1.2195945945945943,1.3547297297297296,8.0,27.0,86.0,9.0
0.0976731541325407,1.0158227848101269,1.3322784810126582,4.0,13.0,42.0,9.0
0.1672472333816312,1.4482758620689653,1.4482758620689653,7.0,50.0,126.0,5.0
0.1747566712441102,1.2195121951219514,1.396341463414634,7.0,18.0,53.0,13.0
0.2449580690943084,1.5,1.6944444444444444,3.0,56.0,103.0,9.0
0.0456128818313539,1.0,1.089655172413793,4.0,8.0,20.0,3.0
0.1656652837227403,1.260115606936416,1.317919075144509,3.0,45.0,180.0,9.0
0.2004202383498887,1.4242424242424243,1.3333333333333337,7.0,53.0,143.0,11.0
0.2166392171758912,1.5202312138728324,1.606936416184971,7.0,62.0,196.0,13.0
0.4239658888170722,1.3846153846153846,1.6730769230769231,7.0,52.0,152.2,15.0
0.1870588891265628,1.5454545454545454,1.4545454545454546,7.0,62.0,140.0,9.0
0.1992879206190983,1.3728813559322035,1.7457627118644068,4.0,55.0,140.0,9.0
0.1950993470662633,1.353982300884956,1.3185840707964602,3.0,45.0,110.0,4.0
0.2015654968547452,1.3142857142857145,1.542857142857143,6.0,45.0,115.0,11.0
0.313156622421701,1.2272727272727273,1.3977272727272727,7.0,26.0,65.0,11.0
0.3040858788756932,1.3655172413793104,1.482758620689655,2.0,36.0,90.0,9.0
0.1804472695649723,1.5633802816901408,1.352112676056338,5.0,52.0,123.0,9.0
0.2348118768833015,1.532544378698225,1.532544378698225,7.0,62.0,163.0,7.0
0.2502544597774285,1.5945945945945943,1.67027027027027,3.0,61.0,85.0,9.0
0.1520429394378466,1.2528735632183907,1.511494252873563,4.0,24.0,64.0,5.0
0.2802486383706071,1.4661016949152543,1.5254237288135593,7.0,43.0,261.0,15.0
0.1870588891265628,1.6060606060606062,1.6363636363636362,6.0,52.0,120.0,11.0
0.2085453831478571,1.2702702702702704,1.5405405405405403,7.0,38.0,95.0,9.0
0.308338828230598,1.4475524475524475,1.6923076923076923,4.0,58.0,125.0,11.0
0.0222689153722098,1.0151515151515151,1.0757575757575757,4.0,3.0,37.0,5.0
0.2677041755102085,1.3928571428571428,1.5785714285714283,4.0,45.0,85.0,9.0
0.308338828230598,1.4475524475524475,1.6923076923076923,4.0,58.0,125.0,11.0
0.2299299666958845,1.49079754601227,1.4846625766871164,7.0,56.0,185.0,9.0
0.2074938938210612,1.323529411764706,1.4705882352941178,7.0,33.0,150.0,13.0
0.1685887887296122,1.4411764705882353,1.4411764705882353,7.0,61.0,175.0,11.0
0.1007187999829389,1.2791878172588833,1.2791878172588833,7.0,38.0,74.0,9.0
0.2016423129739734,1.4268292682926829,1.396341463414634,7.0,53.0,154.0,11.0
0.1443502907162888,1.261904761904762,1.3928571428571428,7.0,31.0,123.0,13.0
0.2074938938210612,1.2941176470588236,1.4705882352941178,4.0,61.0,130.0,15.0
0.2074938938210612,1.2941176470588236,1.4705882352941178,4.0,61.0,130.0,15.0
0.2645547146218531,1.2866666666666666,1.4666666666666668,7.0,42.0,104.0,11.0
0.2645547146218531,1.3,1.6333333333333333,2.0,27.4,51.0,9.0
0.3314138581864173,1.607843137254902,1.862745098039216,6.0,86.0,220.0,11.0
0.2204622621848775,1.3076923076923077,1.5076923076923077,2.0,30.0,103.0,4.0
0.1574730444177697,1.7142857142857142,1.2857142857142858,5.0,60.0,130.0,11.0
0.3496987607070472,1.0413793103448277,1.5310344827586206,1.0,16.29,35.0,4.0
0.312712428631032,1.283687943262411,1.283687943262411,4.0,70.0,252.0,13.0
0.1889676533013236,1.3214285714285714,1.2857142857142856,4.0,47.0,117.0,11.0
0.1603361906799109,1.2121212121212122,1.3333333333333337,5.0,33.0,84.0,11.0
0.3592718346716523,1.777777777777778,1.814814814814815,7.0,60.0,280.0,11.0
0.1494659404643237,1.1271186440677965,1.3898305084745763,6.0,21.0,150.0,5.0
0.2574741748144555,1.4744525547445255,1.5474452554744524,7.0,46.0,179.0,13.0
0.2939496829131701,1.5185185185185186,1.814814814814815,7.0,50.0,120.0,15.0
0.1328085916776371,1.2710843373493976,1.3734939759036142,8.0,30.0,120.0,9.0
0.2417973198156721,1.2258064516129032,1.5483870967741935,4.0,32.0,93.0,9.0
0.2939496829131701,1.5185185185185186,1.814814814814815,7.0,50.0,120.0,15.0
0.3391727110536578,1.5384615384615383,1.8846153846153848,3.0,65.0,7.0,5.0
0.1234588668235314,1.28,1.176,7.0,55.0,164.0,13.0
0.4249874933684386,1.4518072289156625,1.813253012048193,4.0,51.0,240.0,11.0
0.2342411535714324,1.43125,1.65,5.0,46.2,101.0,7.0
0.4543878686253201,1.3893129770992367,1.648854961832061,7.0,94.0,94.0,9.0
0.2025869436293469,1.4864864864864866,1.5405405405405403,3.0,46.0,93.0,9.0
0.2610737315347234,1.756578947368421,1.5723684210526316,7.0,70.0,167.0,4.0
0.2755778277310969,1.375,1.4375,7.0,44.7,146.8,13.0
0.0576371927280725,1.0326797385620916,1.065359477124183,6.0,12.0,24.0,5.0
0.2004202383498887,1.4545454545454546,1.3636363636363638,7.0,52.0,145.0,11.0
0.2204622621848775,1.2,1.5833333333333337,3.0,25.0,67.0,9.0
0.2505252979373608,1.2840909090909092,1.5227272727272727,2.0,30.0,111.0,7.0
0.2112213290394036,1.598802395209581,1.479041916167665,7.0,27.0,80.0,13.0
0.1336134922332591,1.121212121212121,1.2777777777777777,5.0,28.0,58.8,7.0
0.3029252457502134,1.618320610687023,1.648854961832061,7.0,53.0,102.0,9.0
0.0871884652708555,1.1751412429378532,1.2937853107344632,7.0,25.0,64.0,9.0
0.1695863555268289,1.223076923076923,1.2923076923076924,7.0,33.0,93.0,13.0
0.1959664552754467,1.3333333333333333,1.5555555555555554,7.0,36.0,165.0,11.0
0.1959664552754467,1.4444444444444446,1.5925925925925926,7.0,38.0,113.0,17.0
0.0524910148059232,1.0595238095238095,1.0595238095238095,7.0,13.0,20.0,4.0
0.2004202383498887,1.0727272727272728,1.3939393939393938,3.0,14.0,39.0,4.0
0.1905229426289065,1.339506172839506,1.5555555555555556,4.0,51.0,340.0,11.0
0.2141633404081667,1.354285714285714,1.5714285714285714,3.0,32.0,116.0,4.0
0.3107186245558677,1.4161073825503354,1.7046979865771812,4.0,60.6,123.0,7.0
0.2109879455893046,1.2495115592619714,1.3246178992588225,3.0,38.6,104.2,9.0
0.1889676533013236,1.4,1.4285714285714284,7.0,53.0,130.0,13.0
0.1685061876572312,1.464968152866242,1.4458598726114649,7.0,65.0,175.0,13.0
0.214735969660595,1.3896103896103895,1.3896103896103895,7.0,35.0,150.0,15.0
0.1290510803033429,1.195121951219512,1.4878048780487805,4.0,22.0,57.6,7.0
0.1796359173358261,1.1555555555555554,1.3407407407407408,3.0,27.0,43.0,9.0
0.2584729970443392,1.517241379310345,1.5517241379310347,8.0,56.0,174.0,13.0
0.1849038328002199,1.3870967741935485,1.5483870967741935,8.0,49.0,96.0,15.0
0.201730174548254,1.2941176470588236,1.3594771241830066,3.0,47.0,147.0,9.0
0.2723357356401428,1.6176470588235294,1.6176470588235294,4.0,79.0,115.0,9.0
0.4279561560059388,1.7058823529411764,1.8529411764705883,5.0,60.4,183.0,11.0
0.1385762790876373,1.2285714285714286,1.354285714285714,5.0,35.0,63.0,3.0
0.1695863555268289,1.5128205128205128,1.6730769230769231,5.0,50.0,87.0,15.0
0.1503151787624165,1.4545454545454546,1.5397727272727273,7.0,60.0,157.0,13.0
0.2519568710684315,1.4285714285714286,1.5357142857142856,7.0,59.0,136.0,9.0
0.0995636022770414,1.4193548387096775,1.2903225806451613,7.0,65.0,134.0,13.0
0.1945255254572449,1.5,1.3529411764705883,7.0,62.0,146.0,11.0
0.1812018593300363,1.5616438356164384,1.6369863013698631,5.0,60.0,13.0,4.0
0.2417973198156721,1.064516129032258,1.5483870967741935,4.0,22.0,50.0,5.0
0.1732203488595466,1.3785714285714286,1.25,7.0,42.0,75.0,11.0
0.2408411267565889,1.46218487394958,1.3781512605042017,4.0,65.0,215.0,13.0
1.4,1.4,1.4,5.0,30.0,120.0,16.0
1.4,1.4,1.4,5.0,30.0,120.0,13.0
2.025641025641025,3.5641025641025643,3.6666666666666665,1.0,200.0,1000.0,0.0
1.1310043668122272,1.0,1.0,1.0,2.0,10.0,5.0
1.4545454545454546,1.4545454545454546,1.9090909090909087,5.0,10.0,120.0,9.0
0.2666666666666666,0.0933333333333333,0.36,2.0,10.0,30.0,5.0
0.1568627450980392,0.5228758169934641,0.3006535947712418,5.0,60.0,120.0,0.0
0.25,0.25,0.5,3.0,20.0,120.0,0.0
0.3225806451612903,0.4838709677419355,0.5645161290322581,3.0,30.0,120.0,10.0
0.1714285714285714,0.3,0.4285714285714285,10.0,20.0,240.0,16.0
0.1,1.0,1.0,5.0,10.0,120.0,8.0
0.1,1.0,1.0,5.0,10.0,120.0,8.0
0.1,1.0,1.0,5.0,10.0,120.0,8.0
0.273972602739726,0.273972602739726,0.547945205479452,7.0,70.0,180.0,16.0
0.8823529411764706,0.9803921568627452,0.7843137254902024,13.0,90.0,90.0,17.0
0.2142857142857142,0.8214285714285714,0.6142857142857143,10.0,45.0,120.0,0.0
0.015267175572519,1.0,1.0,1.5,8.0,120.0,7.0
0.1014492753623188,0.0869565217391304,0.144927536231884,1.0,30.0,120.0,9.0
0.1686746987951807,0.1686746987951805,0.2891566265060241,9.0,60.0,120.0,9.0
0.0701754385964912,0.2631578947368421,0.0701754385964912,5.0,50.0,120.0,7.0
0.2391304347826087,0.217391304347826,0.3260869565217391,3.0,30.0,120.0,12.0
0.2967778405879027,0.4804974561899378,0.6359525155455059,2.0,60.0,70.0,8.0
0.2967778405879027,0.4804974561899378,0.6359525155455059,2.0,60.0,70.0,8.0
0.2941176470588235,0.9852941176470588,0.8088235294117647,15.0,45.0,100.0,22.0
0.2,0.1999999999999997,0.600000000000001,2.0,30.0,120.0,12.0
0.2542372881355932,0.711864406779661,0.5084745762711864,8.0,60.0,350.0,15.0
0.3076923076923077,0.1538461538461538,0.6153846153846154,1.0,30.0,120.0,0.0
0.1428571428571428,0.1428571428571428,0.1428571428571428,5.0,30.0,120.0,15.0
0.1612903225806451,0.5118279569892473,0.4623655913978494,10.0,60.0,240.0,17.0
0.2133409187882236,0.142227279192149,0.3057886502631204,1.5,45.0,120.0,13.0
0.3846153846153846,0.4487179487179487,0.8974358974358975,10.0,30.0,120.0,18.0
0.2597402597402597,0.2337662337662337,0.5194805194805194,5.0,30.0,90.0,15.0
0.1621621621621621,0.1351351351351351,0.3243243243243243,3.0,15.0,60.0,0.0
0.1276595744680851,0.2241134751773046,0.3531914893617021,3.5,25.0,115.0,10.0
0.2702702702702703,0.2364864864864864,0.6081081081081081,6.0,30.0,120.0,14.0
0.3424657534246575,0.410958904109589,0.4794520547945205,1.5,90.0,120.0,0.0
0.2142857142857142,0.3857142857142857,0.6428571428571429,9.5,30.0,120.0,7.0
0.2142857142857142,0.3857142857142857,0.6428571428571429,9.5,31.0,120.0,8.0
0.2816901408450704,0.3169014084507042,0.4929577464788732,2.5,30.0,90.0,11.0
0.2571428571428571,0.2857142857142857,0.4285714285714285,3.0,40.0,120.0,12.0
0.2758620689655172,0.4689655172413793,0.4689655172413793,8.0,30.0,120.0,12.0
0.087719298245614,0.3508771929824561,0.1403508771929824,12.0,30.0,120.0,15.0
0.0855614973262032,0.106951871657754,0.2663101604278075,2.0,30.0,120.0,0.0
0.3333333333333333,0.9722222222222222,0.1388888888888889,4.0,75.0,180.0,13.0
0.0758293838862559,0.0947867298578199,0.0947867298578199,6.0,17.0,60.0,9.0
0.1162790697674418,0.1162790697674418,0.2558139534883721,9.0,10.0,50.0,7.0
0.1538461538461538,0.3205128205128205,0.3205128205128205,1.2,30.0,120.0,8.0
0.3012048192771084,0.3614457831325301,0.6024096385542169,4.0,30.0,120.0,8.0
0.2238805970149253,0.3283582089552239,0.5223880597014925,3.0,30.0,120.0,11.0
0.2727272727272727,0.3333333333333333,0.5303030303030303,3.0,20.0,150.0,17.0
0.3174603174603174,0.238095238095238,0.9523809523809524,1.0,20.0,119.0,0.0
0.1769911504424778,0.1769911504424778,0.3539823008849557,1.0,30.0,120.0,8.0
0.1358024691358024,1.0,1.0617283950617284,3.0,10.0,120.0,3.0
0.2537313432835821,1.373134328358209,1.2985074626865671,1.0,56.0,124.0,8.0
0.1142857142857142,1.2142857142857142,1.0,9.0,10.0,120.0,8.0
0.1343283582089552,1.0,1.0,5.0,2.0,23.0,9.0
0.1022727272727272,1.0,1.2840909090909092,2.0,10.0,120.0,11.0
0.0339172711053657,1.0,1.0,1.0,7.0,15.0,8.0
0.0857843137254902,1.0,1.0,6.0,13.0,23.0,13.0
0.0339172711053657,1.0,1.0,6.0,7.0,15.0,18.0
0.2222222222222222,1.0,1.0,1.0,2.0,23.0,13.0
0.0590551181102362,1.0,1.0,3.0,2.0,23.0,11.0
0.1428571428571428,1.0,1.0,1.0,2.0,23.0,9.0
0.25,1.22,1.4,4.0,31.0,62.0,13.0
0.1666666666666666,1.75,1.0,3.0,10.0,120.0,13.0
0.1219512195121951,1.1219512195121952,1.1829268292682926,3.0,10.0,120.0,12.0
0.303030303030303,1.0,1.0,8.0,2.0,23.0,17.0
0.1739130434782608,1.2028985507246377,1.144927536231884,12.0,47.0,45.0,19.0
0.0979791794243723,1.6073170731707318,1.0,4.0,60.0,130.0,16.0
0.0943396226415094,1.0,1.0,4.0,2.0,23.0,9.0
0.2,1.0,1.297872340425532,8.0,9.0,10.0,15.0
0.1643835616438356,1.0,1.0,2.0,2.0,23.0,11.0
0.12,1.0,1.25,2.0,10.0,120.0,13.0
0.2166666666666666,1.5,1.5833333333333333,4.0,53.0,165.0,9.0
0.3720930232558139,1.3488372093023255,1.755813953488372,2.0,45.0,70.0,11.0
0.3472222222222222,1.8611111111111112,1.7638888888888888,15.0,86.0,275.0,19.0
0.25,1.0,1.0,1.0,2.0,23.0,13.0
0.131578947368421,1.0,1.0,5.0,2.0,23.0,14.0
0.1412429378531073,1.0,1.1977401129943503,4.0,3.0,22.0,15.0
0.2560455192034139,1.0,1.7112375533428166,0.0,10.0,24.0,3.0
0.125,1.0,1.0,2.0,2.0,23.0,7.0
0.0339172711053657,1.0,1.0,3.0,7.0,15.0,13.0
0.0755813953488372,1.2906976744186047,1.0,8.0,10.0,120.0,17.0
0.2531645569620253,1.0,1.0,2.0,2.0,23.0,13.0
0.2307692307692307,1.0,1.0,1.0,13.0,23.0,9.0
0.2758620689655172,1.5310344827586206,1.4137931034482758,2.0,37.0,105.0,15.0
0.2191780821917808,1.0,1.0,0.0,2.0,23.0,3.0
0.0125978379590494,1.0,1.0,3.0,2.0,23.0,9.0
0.1518987341772152,1.0632911392405062,1.1898734177215189,3.0,13.0,106.0,9.0
0.0339172711053657,1.0,1.0,1.0,7.0,15.0,8.0
0.0869565217391304,1.0,1.0,5.0,2.0,23.0,13.0
0.0339172711053657,1.0,1.0,3.0,7.0,15.0,15.0
0.0339172711053657,1.0,1.0,3.0,7.0,15.0,17.0
0.0339172711053657,1.0,1.0,3.0,7.0,15.0,11.0
0.25,1.1805555555555556,1.4444444444444444,10.0,37.0,74.0,17.0
0.1666666666666666,1.726027397260274,1.0,7.0,60.0,130.0,20.0
0.1578947368421052,1.5,1.0,15.0,10.0,120.0,17.0
0.1388888888888889,1.0,1.0,2.0,2.0,23.0,12.0
0.5232558139534884,1.0,1.0,1.0,2.0,23.0,20.0
0.2666666666666666,1.0,1.2666666666666666,12.0,4.0,48.0,16.0
0.2033898305084746,1.1694915254237288,1.847457627118644,3.0,34.0,124.0,13.0
0.3571428571428571,1.8,1.7857142857142858,15.0,60.0,280.0,21.0
0.0508474576271186,1.0,1.0,1.0,2.0,23.0,11.0
0.0339172711053657,1.0,1.0,5.0,7.0,15.0,14.0
0.16,1.0,1.6,6.0,47.0,24.0,8.0
0.0153846153846153,1.0,1.0,5.0,2.0,23.0,8.0
0.2054794520547945,1.3972602739726028,1.547945205479452,4.0,49.0,96.0,15.0
0.027027027027027,1.0,1.0,3.0,2.0,23.0,13.0
0.150375939849624,1.0,1.0,11.0,13.0,23.0,12.0
0.0919540229885057,1.0,1.0,1.0,2.0,23.0,9.0
0.1621621621621621,1.4054054054054057,1.608108108108108,2.0,34.0,64.0,12.0
0.0339172711053657,1.0,1.0,0.0,7.0,15.0,9.0
0.1643835616438356,1.0,1.0,15.0,2.0,23.0,20.0
0.2555555555555555,1.0,1.3888888888888888,3.0,15.0,24.0,13.0
0.0339172711053657,1.0,1.0,6.0,7.0,15.0,9.0
0.352112676056338,1.0,1.4507042253521127,15.0,16.29,35.0,18.0
0.3492063492063492,1.5555555555555556,1.3174603174603174,15.0,37.0,105.0,15.0
0.2564102564102564,1.448717948717949,1.3846153846153846,4.0,65.0,215.0,14.0
0.2564102564102564,1.0,1.0,3.0,2.0,23.0,9.0
0.0339172711053657,1.0,1.0,15.0,7.0,15.0,14.0
0.0339172711053657,1.0,1.0,2.0,7.0,15.0,14.0
0.1518987341772152,1.0,1.0,13.0,2.0,23.0,18.0
0.0919540229885057,1.0,1.2873563218390804,1.0,10.0,120.0,3.0
0.2714285714285714,1.0,1.0,0.0,2.0,23.0,9.0
0.1470588235294117,1.0,1.0,4.0,13.0,23.0,13.0
0.1666666666666666,1.2738095238095235,1.3214285714285714,1.0,45.0,180.0,13.0
0.1951219512195122,1.0,1.0,1.0,2.0,23.0,12.0
0.2666666666666666,1.0,1.2666666666666666,4.0,4.0,48.0,13.0
0.0339172711053657,1.0,1.0,12.0,7.0,15.0,13.0
0.0339172711053657,1.0,1.0,4.0,7.0,15.0,12.0
0.2985074626865671,1.0,1.5970149253731345,4.0,18.0,120.0,16.0
0.0339172711053657,1.0,1.0,2.0,7.0,15.0,11.0
0.1443298969072164,1.0,1.0,3.0,2.0,23.0,15.0
0.2542372881355932,1.0,1.0,1.0,2.0,23.0,9.0
0.3269230769230769,1.0,1.0,8.0,2.0,23.0,12.0
0.146974841456585,1.1549295774647887,1.5070422535211268,4.0,32.0,114.0,14.0
0.2560455192034139,1.640113798008535,2.1379800853485067,9.0,64.0,205.0,17.0
0.1379310344827586,1.0,1.0,3.0,2.0,23.0,7.0
0.2352941176470588,1.0,1.0,6.0,2.0,23.0,14.0
0.0339172711053657,1.0,1.0,6.0,7.0,15.0,14.0
0.8620689655172413,1.1724137931034482,1.3448275862068966,6.0,12.0,51.0,16.0
0.3778337531486145,1.0881612090680102,1.566750629722922,3.0,16.29,35.0,16.0
0.196629213483146,1.3792134831460674,1.0,10.0,10.0,120.0,13.0
0.2702702702702703,1.0,1.608108108108108,5.0,10.0,24.0,15.0
0.2,1.0,1.0,11.0,2.0,23.0,8.0
0.1923076923076923,1.0,1.0897435897435896,3.0,3.0,36.0,11.0
0.0339172711053657,1.0,1.0,4.0,7.0,15.0,17.0
0.3305785123966942,1.2479338842975207,1.0,5.0,12.0,51.0,14.0
0.1744186046511628,1.058139534883721,1.1162790697674418,2.0,37.0,97.0,13.0
0.196629213483146,1.3472222222222223,1.0,13.0,16.0,31.0,18.0
0.32,1.0,1.2666666666666666,1.0,4.0,120.0,11.0
0.2142857142857142,1.0,1.0,12.0,2.0,23.0,15.0
0.0339172711053657,1.0,1.0,4.0,7.0,15.0,14.0
0.3174603174603174,1.4761904761904765,1.1587301587301588,15.0,35.0,77.4,12.0
0.0377358490566037,1.0,1.0,1.0,2.0,23.0,9.0
0.1518987341772152,1.075,1.2,6.0,16.0,36.0,12.0
0.303030303030303,1.2424242424242424,1.5303030303030305,15.0,34.0,170.0,18.0
0.1785714285714285,1.0,1.0,2.0,2.0,23.0,5.0
0.1791044776119403,1.0,1.0,8.0,2.0,23.0,16.0
0.2279635258358662,1.0,1.0,2.0,2.0,23.0,13.0
0.1098901098901098,1.0,1.0,0.0,2.0,23.0,3.0
0.2419354838709677,1.6451612903225807,1.0,4.0,10.0,120.0,14.0
0.0769230769230769,1.0,1.0,2.0,2.0,23.0,17.0
0.1568627450980392,1.0,1.0,1.0,2.0,23.0,9.0
0.0454545454545454,1.0,1.0,2.0,2.0,23.0,7.0
0.0339172711053657,1.0,1.0,7.0,7.0,15.0,17.0
0.273972602739726,1.4109589041095891,1.4109589041095891,15.0,44.5,118.0,16.0
0.0979791794243723,1.5833333333333333,1.0,10.0,35.0,77.4,19.0
0.1804472695649723,1.5555555555555556,1.3703703703703705,6.0,52.0,123.0,13.0
0.2162162162162162,1.25,1.4054054054054057,1.0,32.0,67.0,13.0
0.2058823529411764,1.0,1.161764705882353,3.0,3.0,36.0,13.0
0.1973684210526315,1.0,1.0,7.0,2.0,23.0,13.0
0.0339172711053657,1.0,1.0,1.0,7.0,15.0,4.0
0.25,1.0,1.3724137931034484,1.0,13.0,42.0,14.0
0.1025641025641025,1.0,1.1923076923076923,1.0,10.0,120.0,7.0
0.2597402597402597,1.0,1.0,2.0,2.0,23.0,15.0
0.1066666666666666,1.0,1.0,0.0,2.0,23.0,3.0
0.1948051948051948,1.0,1.0,2.0,2.0,23.0,8.0
0.3164556962025316,1.0,1.0,1.0,2.0,23.0,4.0
0.0307692307692307,1.0,1.0,1.0,2.0,23.0,8.0
0.0769230769230769,1.0,1.0,2.0,2.0,23.0,12.0
0.3243243243243243,1.0,1.0,1.0,2.0,23.0,13.0
0.3993610223642172,1.6150159744408945,1.511182108626198,8.0,61.0,245.0,17.0
0.1842105263157894,1.0,1.0,1.0,2.0,23.0,11.0
0.0339172711053657,1.0,1.0,1.0,7.0,15.0,11.0
0.072289156626506,1.0,1.0,2.0,2.0,23.0,11.0
0.0339172711053657,1.0,1.0,1.0,7.0,15.0,5.0
0.3048780487804878,1.0,1.0,1.0,2.0,23.0,13.0
0.0339172711053657,1.0,1.0,1.0,7.0,15.0,9.0
0.2972972972972973,1.0,1.0,0.0,2.0,23.0,7.0
0.054054054054054,1.0,1.0,0.0,2.0,23.0,9.0
0.1710526315789473,1.236842105263158,1.2105263157894737,15.0,21.0,62.0,15.0
0.3676470588235294,1.0,1.5147058823529411,3.0,16.29,35.0,12.0
0.2105263157894736,1.3157894736842106,1.4385964912280702,14.0,47.0,132.8,14.0
0.1181102362204724,1.0,1.0,1.0,2.0,23.0,14.0
0.2531645569620253,1.0,1.0,1.0,2.0,23.0,13.0
0.2542372881355932,1.0,1.4067796610169492,3.0,15.0,24.0,15.0
0.0339172711053657,1.0,1.0,12.0,7.0,15.0,19.0
0.2794117647058823,1.0,1.4411764705882353,1.0,15.0,24.0,12.0
0.3149606299212598,1.5555555555555556,1.4861111111111112,7.0,45.0,40.0,15.0
0.1764705882352941,1.0,1.2352941176470589,3.0,4.0,106.0,8.0
0.2064253391244172,1.4225352112676055,1.5633802816901408,10.0,46.0,116.0,3.0
0.2272727272727272,1.0,1.0,0.0,2.0,23.0,14.0
0.0339172711053657,1.0,1.0,1.0,7.0,15.0,13.0
0.0339172711053657,1.0,1.0,10.0,7.0,15.0,17.0
0.1944444444444444,1.0,1.0,15.0,2.0,23.0,13.0
0.492063492063492,1.0,1.6349206349206349,4.0,16.29,35.0,17.0
0.2307692307692307,1.0,1.0,9.0,13.0,23.0,13.0
0.16,1.2,1.0,15.0,10.0,120.0,14.0
0.3333333333333333,1.0,1.2,11.0,28.0,120.0,16.0
0.180722891566265,1.0,1.0,4.0,2.0,23.0,8.0
0.0714285714285714,1.0,1.0,2.0,2.0,23.0,15.0
0.4827586206896552,1.0,1.4827586206896552,3.0,16.29,35.0,12.0
0.0966940310774615,1.0,1.0,1.0,2.0,23.0,9.0
0.3076923076923077,1.0,1.0,11.0,13.0,23.0,13.0
0.1653466492501529,1.0,1.2755777487502549,4.0,4.0,10.0,13.0
0.2307692307692307,1.0,1.0,4.0,13.0,23.0,9.0
0.1851851851851851,1.617283950617284,1.3703703703703705,15.0,60.0,138.0,19.0
0.2242990654205607,1.233644859813084,1.280373831775701,8.0,46.0,74.0,13.0
0.146067415730337,1.0,1.0,1.0,2.0,23.0,11.0
0.2133333333333333,1.24,1.2666666666666666,15.0,46.0,74.0,16.0
0.0606060606060606,1.0,1.0,1.0,2.0,23.0,12.0
0.2068965517241379,1.2206896551724138,1.1241379310344828,3.0,60.0,98.0,11.0
0.0339172711053657,1.0,1.0,11.0,7.0,15.0,18.0
0.217391304347826,1.2463768115942029,1.0,15.0,26.0,36.0,18.0
0.2941176470588235,1.0,1.0,15.0,2.0,23.0,19.0
0.2857142857142857,1.7714285714285714,1.3857142857142857,7.0,60.0,138.0,15.0
0.0339172711053657,1.0,1.0,11.0,7.0,15.0,17.0
0.1846153846153846,1.0,1.0,3.0,2.0,23.0,13.0
0.1029411764705882,1.0,1.0,5.0,2.0,23.0,16.0
0.273972602739726,1.4109589041095891,1.547945205479452,14.0,43.0,125.0,18.0
0.2290076335877862,1.0,1.2428571428571429,8.0,4.0,22.0,13.0
0.273972602739726,1.0,1.547945205479452,4.0,22.0,50.0,15.0
0.1515151515151515,1.0,1.0,15.0,13.0,23.0,14.0
0.2238805970149253,1.0,1.0,4.0,2.0,23.0,13.0
0.2142857142857142,1.2857142857142858,1.3571428571428572,15.0,47.0,147.0,17.0
0.0339172711053657,1.0,1.0,10.0,7.0,15.0,14.0
0.1346153846153846,1.0,1.0,7.0,2.0,23.0,12.0
0.4786324786324786,1.4786324786324787,1.5128205128205128,10.0,42.2,148.8,16.0
0.1818181818181818,1.3896103896103895,1.0,10.0,10.0,120.0,14.0
0.0339172711053657,1.0,1.0,9.0,7.0,15.0,18.0
0.2777777777777778,1.0,1.0,15.0,2.0,23.0,20.0
0.125,1.0,1.0,15.0,2.0,23.0,11.0
0.2976190476190476,1.3571428571428572,1.3571428571428572,3.0,69.0,246.0,12.0
0.1973684210526315,1.0,1.0,2.0,2.0,23.0,11.0
0.1454545454545454,1.0,1.1454545454545455,1.0,3.0,36.0,7.0
0.2941176470588235,1.0,1.0,15.0,2.0,23.0,11.0
0.0339172711053657,1.0,1.0,2.0,7.0,15.0,14.0
0.3934426229508196,1.0,1.0,6.0,2.0,23.0,17.0
0.3378378378378378,1.472972972972973,1.337837837837838,8.0,62.0,266.0,20.0
0.2264150943396226,1.0,1.0,11.0,2.0,23.0,12.0
0.3098591549295774,1.0,1.0,8.0,2.0,23.0,17.0
0.2280701754385964,1.0,1.0,3.0,2.0,23.0,11.0
0.3947368421052631,1.0,1.0,7.0,2.0,23.0,13.0
0.0339172711053657,1.0,1.0,5.0,7.0,15.0,1.0
0.2077922077922078,1.4155844155844155,1.324675324675325,10.0,53.0,143.0,15.0
0.0339172711053657,1.0,1.0,0.0,7.0,15.0,7.0
0.3026315789473684,1.0,1.0,1.0,2.0,23.0,13.0
0.3218427185180694,1.3285714285714283,1.3285714285714283,3.0,69.0,246.0,14.0
0.15220700152207,1.0,1.0,1.0,2.0,23.0,13.0
0.2419354838709677,1.0,1.0,1.0,2.0,23.0,13.0
0.0517241379310344,1.0,1.0,1.0,2.0,23.0,12.0
0.2450980392156862,1.0,1.4084967320261437,5.0,15.0,24.0,14.0
0.4366812227074235,1.0,1.0,8.0,2.0,23.0,17.0
0.0339172711053657,1.0,1.0,1.0,7.0,15.0,11.0
0.1137980085348506,1.0,1.0,1.0,2.0,23.0,7.0
0.1509433962264151,1.0,1.0,0.0,2.0,23.0,1.0
0.1851851851851851,1.0,1.0,1.0,2.0,23.0,11.0
0.0339172711053657,1.0,1.0,2.0,7.0,15.0,9.0
0.3342245989304813,1.0,1.0,5.0,2.0,23.0,16.0
0.1818181818181818,1.4266666666666667,1.0,6.0,55.0,200.0,19.0
0.2727272727272727,1.0,1.0,5.0,2.0,23.0,15.0
0.2698412698412698,1.0,1.4761904761904765,3.0,12.0,35.0,12.0
0.061239537225065,1.0,1.0,1.0,2.0,23.0,8.0
0.0339172711053657,1.0,1.0,3.0,7.0,15.0,11.0
0.3472222222222222,1.0,1.375,3.0,15.0,24.0,17.0
0.2068965517241379,1.0,1.0,14.0,2.0,23.0,14.0
0.2857142857142857,1.0,1.0,2.0,2.0,23.0,13.0
0.1875,1.0,1.0,1.0,2.0,23.0,9.0
0.1265822784810126,1.0,1.0,4.0,2.0,23.0,12.0
0.2459016393442623,1.0,1.0,1.0,2.0,23.0,12.0
0.0736196319018405,1.0,1.0,1.0,2.0,23.0,9.0
0.1764705882352941,1.0,1.0,1.0,2.0,23.0,17.0
0.2571428571428571,1.4285714285714286,1.2857142857142858,3.0,45.0,114.0,12.0
0.3809523809523809,1.7142857142857142,1.5555555555555556,13.0,57.0,126.0,18.0
0.0339172711053657,1.0,1.0,2.0,7.0,15.0,4.0
0.2419354838709677,1.6825396825396826,1.0,4.0,60.0,130.0,13.0
0.1142857142857142,1.0,1.0,0.0,2.0,23.0,7.0
0.0339172711053657,1.0,1.0,3.0,7.0,15.0,8.0
0.0339172711053657,1.0,1.0,1.0,7.0,15.0,15.0
0.2906976744186046,1.0,1.0,1.0,13.0,23.0,9.0
0.2205882352941176,1.4705882352941178,1.3676470588235294,7.0,59.0,147.0,13.0
0.1923076923076923,1.0,1.1538461538461535,3.0,3.0,36.0,13.0
0.324254215304799,1.261219195849546,1.5317769130998704,3.0,34.0,170.0,16.0
0.2,1.0,1.6666666666666667,4.0,10.0,24.0,9.0
0.2151898734177215,1.0,1.1898734177215189,1.0,3.0,120.0,13.0
0.2941176470588235,1.0,1.0,5.0,2.0,23.0,16.0
0.1470588235294117,1.0,1.0,15.0,13.0,23.0,21.0
0.1875,1.0,1.5,2.0,12.0,35.0,14.0
0.2571428571428571,1.0,1.0,1.0,2.0,23.0,13.0
0.0491803278688524,1.0,1.0,1.0,2.0,23.0,5.0
0.2005347593582887,1.0,1.0,8.0,2.0,23.0,19.0
0.25,1.0,1.375,0.0,15.0,24.0,14.0
0.2033898305084746,1.152542372881356,1.0847457627118644,0.0,37.0,97.0,9.0
0.0339172711053657,1.0,1.0,1.0,7.0,15.0,9.0
0.1948051948051948,1.0,1.0,5.0,2.0,23.0,15.0
0.1234567901234567,1.0,1.0,4.0,2.0,23.0,8.0
0.0735294117647058,1.0,1.0,1.0,2.0,23.0,11.0
0.021505376344086,1.0,1.0,0.0,2.0,23.0,12.0
0.0892857142857142,1.0,1.0,2.0,2.0,23.0,7.0
0.2320655249902339,1.116032762495117,1.3223132291531026,7.0,25.0,56.0,17.0
0.4545454545454545,1.0,1.0,6.0,2.0,23.0,15.0
0.0677966101694915,1.0,1.0,4.0,2.0,23.0,5.0
0.0339172711053657,1.0,1.0,2.0,7.0,15.0,13.0
0.1574730444177697,1.3448275862068966,1.4310344827586208,2.0,55.0,190.0,14.0
0.303030303030303,1.0,1.0,6.0,2.0,23.0,12.0
0.3544303797468354,1.0,1.9493670886075949,1.0,10.0,24.0,4.0
0.2844950213371266,1.0,1.284495021337127,2.0,4.0,48.0,9.0
0.0655737704918032,1.0,1.0,1.0,2.0,23.0,5.0
0.2465753424657534,1.0,1.0,0.0,2.0,23.0,8.0
0.3448275862068966,1.0,1.0,2.0,13.0,23.0,13.0
0.3676470588235294,1.0,1.2205882352941178,2.0,28.0,120.0,11.0
0.0339172711053657,1.0,1.0,3.0,7.0,15.0,5.0
0.0339172711053657,1.0,1.0,7.0,7.0,15.0,17.0
0.1511627906976744,2.0,2.104651162790698,4.0,10.0,120.0,8.0
0.0941176470588235,1.0,1.0,1.0,2.0,23.0,11.0
0.1538461538461538,1.0,1.0,1.0,2.0,23.0,12.0
0.1538461538461538,1.0,1.0,1.0,2.0,23.0,12.0
0.0979791794243723,1.612369871402327,1.0,2.0,10.0,120.0,13.0
0.2084370478838842,1.0671140939597314,1.3221476510067114,11.0,23.0,48.0,13.0
0.0339172711053657,1.0,1.0,1.0,7.0,15.0,5.0
0.0339172711053657,1.0,1.0,1.0,7.0,15.0,9.0
0.240506329113924,1.4556962025316456,1.4303797468354431,4.0,39.0,105.0,15.0
0.25,1.0,1.4375,4.0,12.0,35.0,15.0
0.0869565217391304,1.0,1.0869565217391304,1.0,10.0,120.0,5.0
0.2803738317757009,1.0,1.0,2.0,13.0,23.0,13.0
0.3571428571428571,1.5,1.5714285714285714,6.0,60.0,250.0,19.0
0.1348314606741573,1.0,1.0,2.0,2.0,23.0,11.0
0.2758620689655172,1.0,1.289655172413793,1.0,4.0,48.0,5.0
0.0701754385964912,1.0,1.0,1.0,2.0,23.0,3.0
0.3676470588235294,1.574866310160428,1.6016042780748665,12.0,61.0,245.0,17.0
0.0339172711053657,1.0,1.0,2.0,7.0,15.0,12.0
0.15,1.0,1.0,0.0,2.0,23.0,2.0
0.0918367346938775,1.0,1.0,5.0,2.0,23.0,12.0
0.1764705882352941,1.0,1.0,7.0,2.0,23.0,14.0
0.1538461538461538,1.0,1.0,9.0,2.0,23.0,15.0
0.3076923076923077,1.0,1.4307692307692308,1.0,15.0,24.0,4.0
0.5737704918032787,1.5901639344262295,1.7377049180327868,1.0,75.0,330.0,13.0
0.2142857142857142,1.0,1.0,1.0,2.0,23.0,7.0
0.46875,2.046875,1.78125,4.0,75.0,197.0,18.0
0.0339172711053657,1.0,1.0,0.0,7.0,15.0,12.0
0.3378378378378378,1.527027027027027,1.364864864864865,7.0,37.0,105.0,17.0
0.0339172711053657,1.0,1.0,2.0,7.0,15.0,13.0
0.3846153846153846,1.6730769230769231,1.7307692307692308,14.0,76.0,220.0,16.0
0.0339172711053657,1.0,1.0,10.0,7.0,15.0,14.0
0.0339172711053657,1.0,1.0,1.0,7.0,15.0,13.0
0.1219512195121951,1.0,1.0,3.0,2.0,23.0,12.0
0.16,1.0,1.0,2.0,2.0,23.0,12.0
1.1310043668122272,1.011764705882353,1.0,2.0,13.0,23.0,9.0
0.1666666666666666,1.71875,1.0,4.0,60.0,130.0,17.0
0.0339172711053657,1.0,1.0,1.0,7.0,15.0,16.0
0.4,1.8142857142857145,1.5,8.0,74.0,263.0,20.0
0.4827586206896552,1.0,1.4861111111111112,2.0,12.0,35.0,11.0
0.16,1.8285714285714283,1.0,8.0,60.0,130.0,16.0
0.3378378378378378,1.5294117647058822,1.3676470588235294,10.0,62.0,146.0,19.0
0.3773584905660377,1.0,1.0,2.0,2.0,23.0,9.0
0.2,1.0,1.3,2.0,4.0,10.0,4.0
0.0923076923076923,1.0,1.0,2.0,2.0,23.0,15.0
0.0339172711053657,1.0,1.0,0.0,7.0,15.0,4.0
0.2666666666666666,1.0,1.0,1.0,13.0,23.0,4.0
0.2418207681365576,1.0,1.3556187766714085,1.0,23.0,48.0,12.0
0.1714285714285714,1.0,1.2571428571428571,8.0,4.0,10.0,16.0
0.0881849768073511,1.0,1.0,10.0,2.0,23.0,13.0
0.2424242424242424,1.0,1.0,3.0,2.0,23.0,13.0
0.25,1.2777777777777777,1.2777777777777777,3.0,48.0,140.0,13.0
0.28125,1.0,1.3125,3.0,23.0,48.0,13.0
0.2686567164179104,1.0,1.1492537313432836,1.0,28.0,120.0,13.0
0.1666666666666666,1.0,1.0,0.0,2.0,23.0,13.0
0.0566037735849056,1.0,1.0,4.0,2.0,23.0,12.0
0.0339172711053657,1.0,1.0,1.0,7.0,15.0,9.0
0.1162790697674418,1.0,1.0,1.0,2.0,23.0,13.0
0.1494252873563218,1.0,1.2298850574712643,2.0,4.0,44.0,7.0
0.1846153846153846,1.0,1.0,1.0,2.0,23.0,13.0
0.2894736842105263,1.263157894736842,1.4605263157894737,2.0,26.0,81.0,12.0
0.1578947368421052,1.0,1.0,0.0,2.0,23.0,5.0
0.2777777777777778,1.3138888888888889,1.3888888888888888,3.0,37.8,189.0,14.0
0.4,1.0,1.24,1.0,28.0,120.0,12.0
0.1153846153846153,1.0,1.0,2.0,2.0,23.0,13.0
0.1637107776261937,1.0,1.0,7.0,2.0,23.0,13.0
0.1574803149606299,1.0,1.0,4.0,2.0,23.0,14.0
0.2083333333333333,1.0,1.7638888888888888,1.0,10.0,24.0,7.0
0.0427350427350427,1.0,1.0,1.0,2.0,23.0,9.0
0.0428571428571428,1.0,1.0,6.0,2.0,23.0,9.0
0.1162790697674418,1.0,1.0,1.0,2.0,23.0,11.0
0.1097560975609756,1.0,1.0,0.0,2.0,23.0,11.0
0.3527399072294044,1.0,1.2645549304220534,3.0,28.0,120.0,15.0
0.1538461538461538,1.564102564102564,1.2564102564102564,7.0,10.0,120.0,14.0
0.193103448275862,1.0,1.0,10.0,2.0,23.0,16.0
0.2290076335877862,1.0,1.2442748091603053,4.0,4.0,106.0,14.0
0.3571428571428571,1.0,1.5,3.0,16.29,35.0,14.0
0.2266666666666666,1.0,1.2,9.0,4.0,120.0,14.0
0.0339172711053657,1.0,1.0,1.0,7.0,15.0,15.0
0.1666666666666666,1.0,1.0,6.0,2.0,23.0,13.0
0.1538461538461538,1.0,1.1282051282051282,0.0,3.0,36.0,7.0
0.175,1.0,1.75,3.0,10.0,24.0,12.0
0.5555555555555556,1.2777777777777777,1.462962962962963,1.0,30.0,107.2,11.0
0.4615384615384615,1.0,1.4615384615384617,0.0,16.29,35.0,9.0
0.1,1.0,1.0,1.0,2.0,23.0,7.0
0.3809523809523809,1.3492063492063493,1.5555555555555556,1.0,41.0,100.0,8.0
0.3947368421052631,1.0,1.0,1.0,2.0,23.0,11.0
0.2571428571428571,1.0,1.0,3.0,2.0,23.0,9.0
0.0339172711053657,1.0,1.0,2.0,7.0,15.0,11.0
0.1578947368421052,1.0,1.1973684210526316,6.0,3.0,22.0,9.0
0.2844950213371266,1.3556187766714085,1.284495021337127,1.0,69.0,246.0,13.0
0.2142857142857142,1.1428571428571428,1.0892857142857142,2.0,37.0,97.0,8.0
0.2142857142857142,1.0,1.1428571428571428,1.0,3.0,120.0,5.0
0.1944444444444444,1.0,1.0,1.0,2.0,23.0,13.0
0.5076923076923077,1.0,1.3846153846153846,5.0,16.29,35.0,19.0
0.0909090909090909,1.0,1.0,1.0,2.0,23.0,7.0
0.1014492753623188,1.0,1.0,1.0,2.0,23.0,20.0
0.2533333333333333,1.0,1.2,2.0,28.0,120.0,12.0
0.16,1.1764705882352942,1.0,13.0,32.0,72.2,16.0
0.3602324545504535,1.588235294117647,1.588235294117647,4.0,61.0,245.0,13.0
0.2678571428571428,1.0,1.0,2.0,2.0,23.0,14.0
0.1846153846153846,1.0,1.0,5.0,2.0,23.0,16.0
0.1846153846153846,1.0,1.123076923076923,1.0,3.0,36.0,8.0
0.2027027027027027,1.108108108108108,1.108108108108108,13.0,37.0,97.0,13.0
0.2266666666666666,1.0,1.4,2.0,15.0,24.0,14.0
0.2058823529411764,1.0,1.1764705882352942,0.0,3.0,36.0,5.0
0.0339172711053657,1.0,1.0,1.0,7.0,15.0,9.0
0.1282051282051282,1.0,1.0,1.0,2.0,23.0,7.0
0.2777777777777778,1.3472222222222223,1.3888888888888888,2.0,30.0,80.0,14.0
0.131578947368421,1.0,1.263157894736842,2.0,4.0,10.0,14.0
0.0339172711053657,1.0,1.0,3.0,7.0,15.0,15.0
0.1538461538461538,1.0,1.3076923076923077,1.0,9.0,10.0,7.0
0.1889763779527559,1.0,1.4724409448818898,2.0,12.0,35.0,11.0
0.4411764705882353,1.0,1.5147058823529411,15.0,16.29,35.0,16.0
0.0339172711053657,1.0,1.0,0.0,7.0,15.0,11.0
0.0307692307692307,1.0,1.0,0.0,2.0,23.0,9.0
0.5357142857142857,1.0,1.0,3.0,13.0,23.0,14.0
0.0339172711053657,1.0,1.0,1.0,7.0,15.0,8.0
0.0339172711053657,1.0,1.0,13.0,7.0,15.0,17.0
0.25,1.2222222222222223,1.2777777777777777,8.0,38.6,104.2,17.0
0.0933333333333333,1.0,1.0,2.0,2.0,23.0,8.0
0.2142857142857142,1.2142857142857142,1.2571428571428571,1.0,31.6,85.0,12.0
0.35,1.03125,1.3375,0.0,15.0,24.0,7.0
0.3787878787878788,1.2727272727272727,1.5454545454545454,1.0,30.0,107.2,11.0
0.1875,1.375,1.2875,3.0,56.0,124.0,7.0
0.0828802546081421,1.0,1.0,1.0,2.0,23.0,16.0
0.1688311688311688,1.0,1.3896103896103895,1.0,18.0,3.0,12.0
0.219619326500732,1.0,1.0,0.0,2.0,23.0,12.0
0.3,1.75,1.0833333333333333,5.0,60.0,130.0,15.0
0.0153846153846153,1.0,1.0,15.0,2.0,23.0,9.0
0.4035087719298245,1.631578947368421,1.6140350877192982,2.0,52.0,173.0,18.0
0.3623188405797101,1.3043478260869563,1.0,15.0,12.0,51.0,13.0
0.4166666666666667,2.1666666666666665,2.0,8.0,70.0,203.0,13.0
0.273972602739726,1.0,1.547945205479452,5.0,22.0,50.0,13.0
0.0933333333333333,1.0,1.0,2.0,2.0,23.0,9.0
0.1706804610463568,1.3472222222222223,1.3472222222222223,2.0,56.0,98.0,12.0
0.160919540229885,1.1954022988505748,1.2298850574712643,0.0,32.0,94.2,12.0
0.1764705882352941,1.1470588235294117,1.0,1.0,12.0,51.0,9.0
0.380517503805175,1.3196347031963471,2.06544901065449,6.0,24.0,55.0,16.0
0.088235294117647,1.0,1.0,1.0,2.0,23.0,7.0
0.4444444444444444,1.0,1.4444444444444444,4.0,16.29,35.0,16.0
0.0339172711053657,1.0,1.0,2.0,7.0,15.0,17.0
0.4285714285714285,1.6428571428571428,1.6428571428571428,15.0,52.0,173.0,18.0
0.0339172711053657,1.0,1.0,15.0,7.0,15.0,13.0
0.3076923076923077,1.6153846153846154,1.3846153846153846,3.0,67.0,189.0,13.0
0.1818181818181818,1.432098765432099,1.0,10.0,55.0,200.0,17.0
0.5,1.0,1.25,1.0,28.0,120.0,2.0
0.3552631578947368,1.4736842105263157,1.5921052631578947,4.0,52.0,188.0,19.0
0.0339172711053657,1.0,1.0,1.0,7.0,15.0,12.0
0.0625,1.0,1.125,3.0,11.0,23.0,4.0
0.2884615384615384,1.5384615384615383,1.1538461538461535,13.0,35.0,77.4,16.0
0.0979791794243723,1.588235294117647,1.0,15.0,35.0,77.4,13.0
0.0339172711053657,1.0,1.0,15.0,7.0,15.0,14.0
0.2307692307692307,1.064102564102564,1.0,1.0,27.0,32.0,12.0
0.1948051948051948,1.2207792207792207,1.1168831168831168,8.0,60.0,98.0,16.0
0.0339172711053657,1.0,1.0,5.0,7.0,15.0,18.0
0.625,1.6428571428571428,1.5714285714285714,11.0,75.0,330.0,19.0
0.3194444444444444,1.6944444444444444,2.25,7.0,64.0,205.0,15.0
0.492063492063492,1.0,1.625,11.0,47.0,24.0,19.0
0.1428571428571428,1.380952380952381,1.4761904761904765,3.0,24.0,46.0,8.0
0.1408450704225352,1.0,1.2112676056338028,1.0,3.0,22.0,18.0
0.1923076923076923,1.3205128205128205,1.448717948717949,1.0,45.0,160.0,15.0
0.0169606512890094,1.0,1.0,3.0,2.0,23.0,9.0
0.2307692307692307,1.0,1.0,15.0,13.0,23.0,15.0
0.3289473684210526,1.0,1.2763157894736843,14.0,23.0,48.0,14.0
0.1911764705882352,1.0,1.0,2.0,2.0,23.0,9.0
0.0339172711053657,1.0,1.0,2.0,7.0,15.0,9.0
0.1587301587301587,1.7936507936507935,1.6349206349206349,9.0,56.0,165.0,19.0
0.3676470588235294,1.588235294117647,1.588235294117647,5.0,61.0,245.0,17.0
0.4615384615384615,1.0,1.0,4.0,2.0,23.0,15.0
0.3149606299212598,1.5669291338582678,1.4724409448818898,1.0,48.6,100.0,9.0
0.2631578947368421,1.0,1.0,2.0,2.0,23.0,14.0
0.3370786516853932,1.7865168539325842,1.449438202247191,3.0,74.0,263.0,13.0
0.3333333333333333,1.3650793650793651,1.3968253968253967,6.0,44.7,146.8,17.0
0.1785714285714285,1.238095238095238,1.0,2.0,26.0,36.0,11.0
0.3676470588235294,1.8823529411764703,1.1470588235294117,8.0,60.0,130.0,17.0
0.16,1.8266666666666669,1.0,15.0,10.0,120.0,17.0
0.28125,1.0,1.3225806451612905,12.0,9.0,10.0,17.0
0.1194029850746268,1.0,1.0,1.0,2.0,23.0,12.0
0.0339172711053657,1.0,1.0,0.0,7.0,15.0,9.0
0.3846153846153846,1.0,1.3846153846153846,7.0,16.29,35.0,12.0
0.2,1.1333333333333333,1.3333333333333333,2.0,23.0,75.0,12.0
0.21875,1.390625,1.28125,12.0,56.0,124.0,14.0
0.0967741935483871,1.0,1.0,2.0,2.0,23.0,7.0
0.1857142857142857,1.0,1.0,5.0,2.0,23.0,15.0
0.1846153846153846,1.353846153846154,1.3846153846153846,2.0,45.0,220.0,14.0
0.1842105263157894,1.236842105263158,1.5921052631578947,5.0,30.0,55.0,16.0
