sex,height,weight,exp,max_boulder,max_sport,days,maxhang,pullup,weightedpull,max_boulder_numeric,max_sport_numeric,strength_to_weight_pullup,strength_to_weight_weightpull,strength_to_weight_maxhang,pushup,bmi_score,max_sport_french,ohll,trainexp,longcamp,ohpr,age,dl,shortcamp,span,continuous,season,repeaters1
1,173.0,77.0,5,V8,0,16,0.0,15,29.0,7.0,0.0,0.19480519480519481,1.3766233766233766,1.0,,,,,,,,,,,,,,
1,180.0,81.0,3,V3,5b,4,0.0,11,5.0,2.0,3.0,0.13580246913580246,1.0617283950617284,1.0,,,,,,,,,,,,,,
1,178.0,67.0,1,V7,6b+,12,25.0,17,20.0,6.0,8.0,0.2537313432835821,1.2985074626865671,1.373134328358209,,,,,,,,,,,,,,
1,173.0,70.0,9,V5,6b+,8,15.0,8,0.0,4.0,8.0,0.11428571428571428,1.0,1.2142857142857142,,,,,,,,,,,,,,
1,184.0,84.0,7,V10,0,24,0.0,0,0.0,9.0,0.0,0.0,1.0,1.0,,,,,,,,,,,,,,
1,176.0,67.0,5,V7,6c,0,0.0,9,0.0,6.0,9.0,0.13432835820895522,1.0,1.0,,,,,,,,,,,,,,
1,184.0,75.0,1,V4,0,8,0.0,15,18.0,3.0,0.0,0.2,1.24,1.0,,,,,,,,,,,,,,
1,186.0,88.0,2,V5,7a,12,0.0,9,25.0,4.0,11.0,0.10227272727272728,1.2840909090909092,1.0,,,,,,,,,,,,,,
1,185.0,60.0,1,V2,6b+,4,0.0,0,0.0,,8.0,0.0,1.0,1.0,,,,,,,,,,,,,,
1,180.0,80.0,9,V9,0,16,60.0,0,0.0,8.0,0.0,0.0,1.0,1.75,,,,,,,,,,,,,,
1,178.0,81.6,6,V7,7b,8,0.0,7,0.0,6.0,13.0,0.0857843137254902,1.0,1.0,,,,,,,,,,,,,,
1,175.0,60.0,6,V8,8a+,8,0.0,0,0.0,7.0,18.0,0.0,1.0,1.0,,,,,,,,,,,,,,
2,168.0,54.0,1,V6,7b,16,0.0,12,0.0,5.0,13.0,0.2222222222222222,1.0,1.0,,,,,,,,,,,,,,
2,157.5,50.8,3,V4,7a,8,0.0,3,0.0,3.0,11.0,0.05905511811023623,1.0,1.0,,,,,,,,,,,,,,
1,163.0,65.0,5,V11,0,16,60.0,35,0.0,10.0,0.0,0.5384615384615384,1.0,1.9230769230769231,,,,,,,,,,,,,,
1,174.0,70.0,1,V3,6c,0,0.0,10,0.0,2.0,9.0,0.14285714285714285,1.0,1.0,,,,,,,,,,,,,,
1,188.0,100.0,4,V9,7b,16,22.0,25,40.0,8.0,13.0,0.25,1.4,1.22,,,,,,,,,,,,,,
2,164.0,53.0,2,V6,0,12,0.0,11,0.0,5.0,0.0,0.20754716981132076,1.0,1.0,,,,,,,,,,,,,,
1,176.0,60.0,3,V7,7b,12,45.0,10,0.0,6.0,13.0,0.16666666666666666,1.0,1.75,,,,,,,,,,,,,,
1,175.0,63.5,4,V10,0,12,50.0,0,0.0,9.0,0.0,0.0,1.0,1.7874015748031495,,,,,,,,,,,,,,
1,190.0,82.0,3,V6,7a+,12,10.0,10,15.0,5.0,12.0,0.12195121951219512,1.1829268292682926,1.1219512195121952,,,,,,,,,,,,,,
1,177.0,66.0,8,V7,8a,12,0.0,20,0.0,6.0,17.0,0.30303030303030304,1.0,1.0,,,,,,,,,,,,,,
1,179.0,69.0,12,V10,8b,12,14.0,12,10.0,9.0,19.0,0.17391304347826086,1.144927536231884,1.2028985507246377,,,,,,,,,,,,,,
1,185.4,82.0,4,V7,7c+,12,49.8,0,0.0,6.0,16.0,0.0,1.0,1.6073170731707318,,,,,,,,,,,,,,
2,165.1,53.0,4,V3,6c,20,0.0,5,0.0,2.0,9.0,0.09433962264150944,1.0,1.0,,,,,,,,,,,,,,
2,157.0,47.0,8,V0,7c,16,0.0,0,14.0,,15.0,0.0,1.297872340425532,1.0,,,,,,,,,,,,,,
1,180.0,79.5,0,V4,0,12,0.0,18,30.0,3.0,0.0,0.22641509433962265,1.3773584905660377,1.0,,,,,,,,,,,,,,
1,186.0,73.0,2,V5,7a,8,0.0,12,0.0,4.0,11.0,0.1643835616438356,1.0,1.0,,,,,,,,,,,,,,
1,183.0,100.0,2,V6,7b,8,0.0,12,25.0,5.0,13.0,0.12,1.25,1.0,,,,,,,,,,,,,,
1,167.0,60.0,4,V9,6c,12,30.0,13,35.0,8.0,9.0,0.21666666666666667,1.5833333333333333,1.5,,,,,,,,,,,,,,
1,173.0,86.0,2,V6,7a,12,30.0,32,65.0,5.0,11.0,0.37209302325581395,1.755813953488372,1.3488372093023255,,,,,,,,,,,,,,
1,182.0,72.0,15,V11,8b,12,62.0,25,55.0,10.0,19.0,0.3472222222222222,1.7638888888888888,1.8611111111111112,,,,,,,,,,,,,,
1,170.0,64.0,1,V6,7b,4,0.0,16,0.0,5.0,13.0,0.25,1.0,1.0,,,,,,,,,,,,,,
1,182.0,76.0,5,V6,7b+,4,0.0,10,0.0,5.0,14.0,0.13157894736842105,1.0,1.0,,,,,,,,,,,,,,
1,175.0,177.0,4,V9,7c,8,0.0,25,35.0,8.0,15.0,0.14124293785310735,1.1977401129943503,1.0,,,,,,,,,,,,,,
1,178.0,70.3,0,V4,5b,12,0.0,18,50.0,3.0,3.0,0.25604551920341395,1.7112375533428166,1.0,,,,,,,,,,,,,,
1,183.0,80.0,2,V4,6b,12,0.0,10,0.0,3.0,7.0,0.125,1.0,1.0,,,,,,,,,,,,,,
1,175.0,85.0,3,V8,7b,16,0.0,0,0.0,7.0,13.0,0.0,1.0,1.0,,,,,,,,,,,,,,
1,182.0,73.0,15,V8,0,12,0.0,15,35.0,7.0,0.0,0.2054794520547945,1.4794520547945205,1.0,,,,,,,,,,,,,,
1,173.0,58.0,2,V8,0,8,25.0,0,20.0,7.0,0.0,0.0,1.3448275862068966,1.4310344827586208,,,,,,,,,,,,,,
1,62.0,172.0,8,V11,8a,12,50.0,13,0.0,10.0,17.0,0.0755813953488372,1.0,1.2906976744186047,,,,,,,,,,,,,,
1,193.0,79.0,2,V8,7b,12,0.0,20,0.0,7.0,13.0,0.25316455696202533,1.0,1.0,,,,,,,,,,,,,,
1,174.0,65.0,1,V5,6c,12,0.0,15,0.0,4.0,9.0,0.23076923076923078,1.0,1.0,,,,,,,,,,,,,,
1,186.0,72.5,2,V8,7c,16,38.5,20,30.0,7.0,15.0,0.27586206896551724,1.4137931034482758,1.5310344827586206,,,,,,,,,,,,,,
1,188.0,73.0,0,V0,5b,4,0.0,16,0.0,,3.0,0.2191780821917808,1.0,1.0,,,,,,,,,,,,,,
2,172.72,79.3787,3,V3,6c,16,0.0,1,0.0,2.0,9.0,0.012597837959049469,1.0,1.0,,,,,,,,,,,,,,
1,182.0,79.0,3,V6,6c,12,5.0,12,15.0,5.0,9.0,0.1518987341772152,1.1898734177215189,1.0632911392405062,,,,,,,,,,,,,,
1,178.0,74.0,1,V5,6b+,16,0.0,0,0.0,4.0,8.0,0.0,1.0,1.0,,,,,,,,,,,,,,
1,170.0,59.0,3,V8,0,20,0.0,20,45.0,7.0,0.0,0.3389830508474576,1.7627118644067796,1.0,,,,,,,,,,,,,,
2,168.0,69.0,5,V6,7b,16,0.0,6,0.0,5.0,13.0,0.08695652173913043,1.0,1.0,,,,,,,,,,,,,,
1,185.0,79.0,3,V6,7c,20,0.0,0,0.0,5.0,15.0,0.0,1.0,1.0,,,,,,,,,,,,,,
1,195.0,85.0,2,V5,0,12,0.0,0,0.0,4.0,0.0,0.0,1.0,1.0,,,,,,,,,,,,,,
1,176.0,63.5,3,V9,8a,12,0.0,0,0.0,8.0,17.0,0.0,1.0,1.0,,,,,,,,,,,,,,
2,165.0,56.0,3,V6,7a,12,0.0,0,0.0,5.0,11.0,0.0,1.0,1.0,,,,,,,,,,,,,,
1,178.0,72.0,10,V9,8a,16,13.0,18,32.0,8.0,17.0,0.25,1.4444444444444444,1.1805555555555556,,,,,,,,,,,,,,
1,185.0,73.0,7,V11,8b+,20,53.0,0,0.0,10.0,20.0,0.0,1.0,1.726027397260274,,,,,,,,,,,,,,
1,182.8,76.0,15,V8,8a,8,38.0,12,0.0,7.0,17.0,0.15789473684210525,1.0,1.5,,,,,,,,,,,,,,
1,178.0,72.0,2,V8,7a+,12,0.0,10,0.0,7.0,12.0,0.1388888888888889,1.0,1.0,,,,,,,,,,,,,,
1,180.0,86.0,1,V7,8b+,12,0.0,45,0.0,6.0,20.0,0.5232558139534884,1.0,1.0,,,,,,,,,,,,,,
1,174.0,75.0,12,V6,7c+,12,0.0,20,20.0,5.0,16.0,0.26666666666666666,1.2666666666666666,1.0,,,,,,,,,,,,,,
1,178.0,59.0,3,V8,7b,12,10.0,12,50.0,7.0,13.0,0.2033898305084746,1.847457627118644,1.1694915254237288,,,,,,,,,,,,,,
1,175.0,73.0,0,V2,0,8,0.0,12,0.0,,0.0,0.1643835616438356,1.0,1.0,,,,,,,,,,,,,,
1,178.0,70.0,15,V13,8c,16,56.0,25,55.0,12.0,21.0,0.35714285714285715,1.7857142857142858,1.8,,,,,,,,,,,,,,
2,170.0,59.0,1,V0,7a,16,0.0,3,0.0,,11.0,0.05084745762711865,1.0,1.0,,,,,,,,,,,,,,
1,177.0,70.0,5,V7,7b+,16,0.0,0,0.0,6.0,14.0,0.0,1.0,1.0,,,,,,,,,,,,,,
1,178.0,75.0,6,V7,6b+,16,0.0,12,45.0,6.0,8.0,0.16,1.6,1.0,,,,,,,,,,,,,,
2,165.0,65.0,5,V4,6b+,16,0.0,1,0.0,3.0,8.0,0.015384615384615385,1.0,1.0,,,,,,,,,,,,,,
1,174.0,73.0,4,V7,7c,12,29.0,15,40.0,6.0,15.0,0.2054794520547945,1.547945205479452,1.3972602739726028,,,,,,,,,,,,,,
1,180.0,65.77,8,V11,0,16,75.0,30,50.0,10.0,0.0,0.4561350159647256,1.760225026607876,2.1403375399118136,,,,,,,,,,,,,,
2,171.0,74.0,3,V5,7b,4,0.0,2,0.0,4.0,13.0,0.02702702702702703,1.0,1.0,,,,,,,,,,,,,,
1,170.0,66.5,11,V4,7a+,8,0.0,10,0.0,3.0,12.0,0.15037593984962405,1.0,1.0,,,,,,,,,,,,,,
1,188.0,87.0,1,V6,6c,12,0.0,8,0.0,5.0,9.0,0.09195402298850575,1.0,1.0,,,,,,,,,,,,,,
1,180.0,74.0,2,V8,7a+,12,30.0,12,45.0,7.0,12.0,0.16216216216216217,1.6081081081081081,1.4054054054054055,,,,,,,,,,,,,,
1,186.0,70.0,0,V5,6c,16,0.0,0,0.0,4.0,9.0,0.0,1.0,1.0,,,,,,,,,,,,,,
1,177.0,61.2,1,V5,0,12,0.0,0,0.0,4.0,0.0,0.0,1.0,1.0,,,,,,,,,,,,,,
1,175.0,73.0,15,V7,8b+,12,0.0,12,0.0,6.0,20.0,0.1643835616438356,1.0,1.0,,,,,,,,,,,,,,
1,168.0,55.0,6,V13,0,12,0.0,0,0.0,12.0,0.0,0.0,1.0,1.0,,,,,,,,,,,,,,
1,193.0,90.0,3,V0,7b,12,0.0,23,35.0,,13.0,0.25555555555555554,1.3888888888888888,1.0,,,,,,,,,,,,,,
1,175.0,56.7,8,V10,0,12,0.0,20,0.0,9.0,0.0,0.3527336860670194,1.0,1.0,,,,,,,,,,,,,,
1,160.0,52.0,2,V7,0,12,9.0,15,16.0,6.0,0.0,0.28846153846153844,1.3076923076923077,1.1730769230769231,,,,,,,,,,,,,,
1,185.0,67.0,6,V0,6c,8,0.0,0,0.0,,9.0,0.0,1.0,1.0,,,,,,,,,,,,,,
1,177.0,71.0,15,V10,8a+,12,0.0,25,32.0,9.0,18.0,0.352112676056338,1.4507042253521127,1.0,,,,,,,,,,,,,,
1,160.0,44.0,5,V9,0,28,55.0,0,16.0,8.0,0.0,0.0,1.3636363636363635,2.25,,,,,,,,,,,,,,
1,172.0,68.0,2,V9,0,12,0.0,25,50.0,8.0,0.0,0.36764705882352944,1.7352941176470589,1.0,,,,,,,,,,,,,,
1,180.0,63.0,15,V9,7c,12,35.0,22,20.0,8.0,15.0,0.3492063492063492,1.3174603174603174,1.5555555555555556,,,,,,,,,,,,,,
1,184.0,78.0,4,V11,7b+,16,35.0,20,30.0,10.0,14.0,0.2564102564102564,1.3846153846153846,1.4487179487179487,,,,,,,,,,,,,,
1,183.0,77.5,3,V10,0,20,39.0,18,38.0,9.0,0.0,0.23225806451612904,1.4903225806451612,1.5032258064516129,,,,,,,,,,,,,,
1,182.0,78.0,3,V7,6c,12,0.0,20,0.0,6.0,9.0,0.2564102564102564,1.0,1.0,,,,,,,,,,,,,,
1,184.0,90.0,15,V8,7b+,8,0.0,0,0.0,7.0,14.0,0.0,1.0,1.0,,,,,,,,,,,,,,
1,178.0,68.0,2,V8,7b+,8,0.0,0,0.0,7.0,14.0,0.0,1.0,1.0,,,,,,,,,,,,,,
1,178.0,79.0,13,V8,8a+,16,0.0,12,0.0,7.0,18.0,0.1518987341772152,1.0,1.0,,,,,,,,,,,,,,
1,190.0,87.0,1,V3,5b,8,0.0,8,25.0,2.0,3.0,0.09195402298850575,1.2873563218390804,1.0,,,,,,,,,,,,,,
1,185.0,86.0,10,V7,0,8,0.0,15,0.0,6.0,0.0,0.1744186046511628,1.0,1.0,,,,,,,,,,,,,,
1,176.0,70.0,0,V3,6c,8,0.0,19,0.0,2.0,9.0,0.2714285714285714,1.0,1.0,,,,,,,,,,,,,,
1,185.0,68.0,4,V8,7b,12,0.0,10,0.0,7.0,13.0,0.14705882352941177,1.0,1.0,,,,,,,,,,,,,,
1,183.0,84.0,1,V8,7b,24,23.0,14,27.0,7.0,13.0,0.16666666666666666,1.3214285714285714,1.2738095238095237,,,,,,,,,,,,,,
1,185.0,82.0,1,V6,7a+,12,0.0,16,0.0,5.0,12.0,0.1951219512195122,1.0,1.0,,,,,,,,,,,,,,
1,184.0,75.0,4,V7,7b,12,0.0,20,20.0,6.0,13.0,0.26666666666666666,1.2666666666666666,1.0,,,,,,,,,,,,,,
2,175.0,55.0,12,V0,7b,8,0.0,0,0.0,,13.0,0.0,1.0,1.0,,,,,,,,,,,,,,
1,188.0,83.5,4,V6,7a+,12,0.0,0,0.0,5.0,12.0,0.0,1.0,1.0,,,,,,,,,,,,,,
1,187.96,73.5,3,V8,0,12,22.5,0,0.0,7.0,0.0,0.0,1.0,1.3061224489795917,,,,,,,,,,,,,,
1,172.0,67.0,4,V9,7c+,16,0.0,20,40.0,8.0,16.0,0.29850746268656714,1.5970149253731343,1.0,,,,,,,,,,,,,,
1,183.0,68.0,2,V6,7a,12,0.0,0,0.0,5.0,11.0,0.0,1.0,1.0,,,,,,,,,,,,,,
2,157.5,48.5,3,V7,7c,16,0.0,7,0.0,6.0,15.0,0.14432989690721648,1.0,1.0,,,,,,,,,,,,,,
1,180.0,73.4,7,V10,0,12,0.0,25,0.0,9.0,0.0,0.3405994550408719,1.0,1.0,,,,,,,,,,,,,,
1,177.0,59.0,1,V6,6c,12,0.0,15,0.0,5.0,9.0,0.2542372881355932,1.0,1.0,,,,,,,,,,,,,,
1,178.0,58.0,2,V6,0,8,0.0,10,0.0,5.0,0.0,0.1724137931034483,1.0,1.0,,,,,,,,,,,,,,
1,181.0,74.0,0,V5,0,12,0.0,5,0.0,4.0,0.0,0.06756756756756757,1.0,1.0,,,,,,,,,,,,,,
2,168.0,52.0,8,V6,7a+,12,0.0,17,0.0,5.0,12.0,0.3269230769230769,1.0,1.0,,,,,,,,,,,,,,
1,180.0,71.0,4,V5,7b+,16,11.0,0,36.0,4.0,14.0,0.0,1.5070422535211268,1.1549295774647887,,,,,,,,,,,,,,
1,180.0,70.3,9,V11,8a,16,45.0,18,80.0,10.0,17.0,0.25604551920341395,2.1379800853485067,1.640113798008535,,,,,,,,,,,,,,
1,182.0,72.5,3,V4,6b,8,0.0,10,0.0,3.0,7.0,0.13793103448275862,1.0,1.0,,,,,,,,,,,,,,
1,178.0,85.0,6,V8,7b+,4,0.0,20,0.0,7.0,14.0,0.23529411764705882,1.0,1.0,,,,,,,,,,,,,,
1,183.0,93.0,1,V6,0,12,0.0,18,30.0,5.0,0.0,0.1935483870967742,1.3225806451612903,1.0,,,,,,,,,,,,,,
1,172.0,67.0,6,V6,7b+,8,0.0,0,0.0,5.0,14.0,0.0,1.0,1.0,,,,,,,,,,,,,,
1,176.0,58.0,6,V10,7c+,16,10.0,50,20.0,9.0,16.0,0.8620689655172413,1.3448275862068966,1.1724137931034482,,,,,,,,,,,,,,
1,181.0,79.4,3,V9,7c+,20,7.0,30,45.0,8.0,16.0,0.37783375314861456,1.566750629722922,1.0881612090680102,,,,,,,,,,,,,,
1,183.0,71.2,10,V7,7b,12,27.0,14,0.0,6.0,13.0,0.19662921348314605,1.0,1.3792134831460674,,,,,,,,,,,,,,
1,171.0,74.0,5,V6,7c,12,0.0,20,45.0,5.0,15.0,0.2702702702702703,1.6081081081081081,1.0,,,,,,,,,,,,,,
1,175.0,50.0,11,V7,6b+,4,0.0,10,0.0,6.0,8.0,0.2,1.0,1.0,,,,,,,,,,,,,,
1,190.0,100.0,0,V1,0,8,0.0,10,10.0,,0.0,0.1,1.1,1.0,,,,,,,,,,,,,,
1,178.0,78.0,3,V7,7a,16,0.0,15,7.0,6.0,11.0,0.19230769230769232,1.0897435897435896,1.0,,,,,,,,,,,,,,
1,173.0,61.2,4,V9,8a,20,0.0,0,0.0,8.0,17.0,0.0,1.0,1.0,,,,,,,,,,,,,,
1,167.0,60.5,5,V8,7b+,8,15.0,20,0.0,7.0,14.0,0.3305785123966942,1.0,1.2479338842975207,,,,,,,,,,,,,,
1,175.0,86.0,2,V6,7b,16,5.0,15,10.0,5.0,13.0,0.1744186046511628,1.1162790697674418,1.058139534883721,,,,,,,,,,,,,,
1,185.0,72.0,13,V11,8a+,12,25.0,0,0.0,10.0,18.0,0.0,1.0,1.3472222222222223,,,,,,,,,,,,,,
1,178.0,75.0,1,V0,7a,0,0.0,24,20.0,,11.0,0.32,1.2666666666666666,1.0,,,,,,,,,,,,,,
1,179.0,70.0,12,V6,7c,8,0.0,15,0.0,5.0,15.0,0.21428571428571427,1.0,1.0,,,,,,,,,,,,,,
1,175.0,68.0,4,V9,7b+,16,0.0,0,0.0,8.0,14.0,0.0,1.0,1.0,,,,,,,,,,,,,,
1,170.0,70.0,8,V7,0,4,0.0,6,20.0,6.0,0.0,0.08571428571428572,1.2857142857142858,1.0,,,,,,,,,,,,,,
1,165.0,63.0,15,V10,7a+,4,30.0,20,10.0,9.0,12.0,0.31746031746031744,1.1587301587301588,1.4761904761904763,,,,,,,,,,,,,,
2,163.0,53.0,1,V3,6c,8,0.0,2,0.0,2.0,9.0,0.03773584905660377,1.0,1.0,,,,,,,,,,,,,,
1,168.0,60.0,6,V5,7a+,8,4.5,0,12.0,4.0,12.0,0.0,1.2,1.075,,,,,,,,,,,,,,
1,178.0,75.0,13,V10,0,16,45.0,25,35.0,9.0,0.0,0.3333333333333333,1.4666666666666666,1.6,,,,,,,,,,,,,,
1,177.4,66.0,15,V10,8a+,16,16.0,20,35.0,9.0,18.0,0.30303030303030304,1.5303030303030303,1.2424242424242424,,,,,,,,,,,,,,
1,191.0,84.0,2,V3,6a,4,0.0,15,0.0,2.0,5.0,0.17857142857142858,1.0,1.0,,,,,,,,,,,,,,
2,172.0,67.0,8,V9,7c+,16,0.0,12,0.0,8.0,16.0,0.1791044776119403,1.0,1.0,,,,,,,,,,,,,,
1,180.5,65.8,2,V8,7b,12,0.0,15,0.0,7.0,13.0,0.22796352583586627,1.0,1.0,,,,,,,,,,,,,,
1,172.0,59.0,3,V7,0,16,0.0,15,40.0,6.0,0.0,0.2542372881355932,1.6779661016949152,1.0,,,,,,,,,,,,,,
2,153.0,45.5,0,V3,5b,8,0.0,5,0.0,2.0,3.0,0.10989010989010989,1.0,1.0,,,,,,,,,,,,,,
1,163.0,62.0,4,V10,7b+,16,40.0,15,0.0,9.0,14.0,0.24193548387096775,1.0,1.6451612903225807,,,,,,,,,,,,,,
1,171.0,64.0,1,V8,0,12,0.0,19,0.0,7.0,0.0,0.296875,1.0,1.0,,,,,,,,,,,,,,
1,178.0,65.0,3,V6,0,8,0.0,0,0.0,5.0,0.0,0.0,1.0,1.0,,,,,,,,,,,,,,
1,190.0,78.0,2,V6,8a,12,0.0,6,0.0,5.0,17.0,0.07692307692307693,1.0,1.0,,,,,,,,,,,,,,
2,152.0,51.0,1,V5,6c,12,0.0,8,0.0,4.0,9.0,0.1568627450980392,1.0,1.0,,,,,,,,,,,,,,
2,168.0,44.0,2,V2,6b,4,0.0,2,0.0,,7.0,0.045454545454545456,1.0,1.0,,,,,,,,,,,,,,
1,194.0,84.0,7,V8,8a,12,0.0,0,0.0,7.0,17.0,0.0,1.0,1.0,,,,,,,,,,,,,,
2,163.0,57.0,1,V3,4b,8,0.0,2,0.0,2.0,,0.03508771929824561,1.0,1.0,,,,,,,,,,,,,,
2,170.0,160.0,2,V5,0,16,0.0,0,0.0,4.0,0.0,0.0,1.0,1.0,,,,,,,,,,,,,,
1,188.0,73.0,0,V6,0,16,6.0,15,20.0,5.0,0.0,0.2054794520547945,1.273972602739726,1.082191780821918,,,,,,,,,,,,,,
1,178.0,73.0,15,V9,7c+,8,30.0,20,30.0,8.0,16.0,0.273972602739726,1.4109589041095891,1.4109589041095891,,,,,,,,,,,,,,
1,182.0,72.0,10,V11,8b,20,42.0,0,0.0,10.0,19.0,0.0,1.0,1.5833333333333333,,,,,,,,,,,,,,
1,165.0,54.0,6,V7,7b,12,30.0,0,20.0,6.0,13.0,0.0,1.3703703703703705,1.5555555555555556,,,,,,,,,,,,,,
1,187.0,86.0,2,V5,0,12,0.0,0,0.0,4.0,0.0,0.0,1.0,1.0,,,,,,,,,,,,,,
2,154.0,50.0,0,V1,0,8,0.0,0,0.0,,0.0,0.0,1.0,1.0,,,,,,,,,,,,,,
1,180.0,74.0,1,V9,7b,20,18.5,16,30.0,8.0,13.0,0.21621621621621623,1.4054054054054055,1.25,,,,,,,,,,,,,,
1,182.0,68.0,3,V5,7b,8,0.0,14,11.0,4.0,13.0,0.20588235294117646,1.161764705882353,1.0,,,,,,,,,,,,,,
1,186.0,76.0,7,V8,7b,8,0.0,15,0.0,7.0,13.0,0.19736842105263158,1.0,1.0,,,,,,,,,,,,,,
2,163.0,48.0,1,V3,5c,4,0.0,0,0.0,2.0,4.0,0.0,1.0,1.0,,,,,,,,,,,,,,
1,180.0,70.0,5,V9,0,8,0.0,14,0.0,8.0,0.0,0.2,1.0,1.0,,,,,,,,,,,,,,
1,172.0,58.0,2,V12,0,20,10.0,25,0.0,11.0,0.0,0.43103448275862066,1.0,1.1724137931034482,,,,,,,,,,,,,,
1,180.3,65.7,2,V5,0,16,5.0,0,32.0,4.0,0.0,0.0,1.487062404870624,1.0761035007610351,,,,,,,,,,,,,,
1,188.0,72.5,1,V8,7b+,12,0.0,0,27.0,7.0,14.0,0.0,1.3724137931034484,1.0,,,,,,,,,,,,,,
1,168.0,59.0,2,V5,0,12,0.0,15,0.0,4.0,0.0,0.2542372881355932,1.0,1.0,,,,,,,,,,,,,,
1,160.0,52.0,1,V5,0,8,20.0,17,20.0,4.0,0.0,0.3269230769230769,1.3846153846153846,1.3846153846153846,,,,,,,,,,,,,,
1,192.0,78.0,1,V4,6b,12,0.0,8,15.0,3.0,7.0,0.10256410256410256,1.1923076923076923,1.0,,,,,,,,,,,,,,
1,172.0,95.0,0,V4,0,8,0.0,8,5.0,3.0,0.0,0.08421052631578947,1.0526315789473684,1.0,,,,,,,,,,,,,,
1,190.0,93.0,4,V7,0,16,0.0,15,0.0,6.0,0.0,0.16129032258064516,1.0,1.0,,,,,,,,,,,,,,
1,175.0,77.0,2,V9,7c,12,0.0,20,0.0,8.0,15.0,0.2597402597402597,1.0,1.0,,,,,,,,,,,,,,
1,172.0,75.0,0,V4,5b,12,0.0,8,0.0,3.0,3.0,0.10666666666666667,1.0,1.0,,,,,,,,,,,,,,
1,182.0,77.0,2,V7,6b+,12,0.0,15,0.0,6.0,8.0,0.19480519480519481,1.0,1.0,,,,,,,,,,,,,,
1,190.5,86.18,1,V7,0,24,0.0,0,0.0,6.0,0.0,0.0,1.0,1.0,,,,,,,,,,,,,,
1,177.0,79.0,1,V4,5c,16,0.0,25,0.0,3.0,4.0,0.31645569620253167,1.0,1.0,,,,,,,,,,,,,,
2,165.0,65.0,1,V2,6b+,4,0.0,2,0.0,,8.0,0.03076923076923077,1.0,1.0,,,,,,,,,,,,,,
1,180.0,65.0,2,V7,7a+,12,0.0,5,0.0,6.0,12.0,0.07692307692307693,1.0,1.0,,,,,,,,,,,,,,
1,180.0,74.0,1,V6,7b,12,0.0,24,0.0,5.0,13.0,0.32432432432432434,1.0,1.0,,,,,,,,,,,,,,
1,173.0,75.0,1,V6,0,8,0.0,8,0.0,5.0,0.0,0.10666666666666667,1.0,1.0,,,,,,,,,,,,,,
1,175.0,62.6,8,V10,8a,16,38.5,25,32.0,9.0,17.0,0.3993610223642172,1.511182108626198,1.6150159744408945,,,,,,,,,,,,,,
1,190.0,76.0,1,V5,7a,8,0.0,14,0.0,4.0,11.0,0.18421052631578946,1.0,1.0,,,,,,,,,,,,,,
1,170.0,68.0,1,V4,7a,16,0.0,0,0.0,3.0,11.0,0.0,1.0,1.0,,,,,,,,,,,,,,
1,188.0,70.0,2,V8,0,12,0.0,0,0.0,7.0,0.0,0.0,1.0,1.0,,,,,,,,,,,,,,
1,190.0,80.0,3,V7,0,12,0.0,0,0.0,6.0,0.0,0.0,1.0,1.0,,,,,,,,,,,,,,
1,165.0,60.7,1,V7,0,16,0.0,21,20.0,6.0,0.0,0.3459637561779242,1.329489291598023,1.0,,,,,,,,,,,,,,
1,190.0,83.0,2,V4,7a,12,0.0,6,0.0,3.0,11.0,0.07228915662650602,1.0,1.0,,,,,,,,,,,,,,
1,192.0,78.0,1,V4,6a,0,0.0,0,0.0,3.0,5.0,0.0,1.0,1.0,,,,,,,,,,,,,,
1,191.0,82.0,1,V6,7b,8,0.0,25,0.0,5.0,13.0,0.3048780487804878,1.0,1.0,,,,,,,,,,,,,,
1,198.0,85.0,1,V4,6c,8,0.0,0,0.0,3.0,9.0,0.0,1.0,1.0,,,,,,,,,,,,,,
1,181.0,74.0,0,V5,6b,8,0.0,22,0.0,4.0,7.0,0.2972972972972973,1.0,1.0,,,,,,,,,,,,,,
2,168.0,55.5,0,V2,6c,16,0.0,3,0.0,,9.0,0.05405405405405406,1.0,1.0,,,,,,,,,,,,,,
1,180.0,74.8,5,V8,4a,20,0.0,0,28.0,7.0,,0.0,1.374331550802139,1.0,,,,,,,,,,,,,,
2,180.0,76.0,15,V9,7c,16,18.0,13,16.0,8.0,15.0,0.17105263157894737,1.2105263157894737,1.236842105263158,,,,,,,,,,,,,,
1,177.0,68.0,3,V6,7a+,12,0.0,25,35.0,5.0,12.0,0.36764705882352944,1.5147058823529411,1.0,,,,,,,,,,,,,,
2,167.0,57.0,14,V9,7b+,16,18.0,12,25.0,8.0,14.0,0.21052631578947367,1.4385964912280702,1.3157894736842106,,,,,,,,,,,,,,
1,173.0,63.0,3,V7,0,12,0.0,25,0.0,6.0,0.0,0.3968253968253968,1.0,1.0,,,,,,,,,,,,,,
1,173.0,127.0,1,V7,7b+,12,0.0,15,0.0,6.0,14.0,0.11811023622047244,1.0,1.0,,,,,,,,,,,,,,
1,173.0,73.5,1,V4,0,12,0.0,8,0.0,3.0,0.0,0.10884353741496598,1.0,1.0,,,,,,,,,,,,,,
1,180.0,79.0,1,V6,7b,12,0.0,20,0.0,5.0,13.0,0.25316455696202533,1.0,1.0,,,,,,,,,,,,,,
1,171.0,59.0,3,V10,7c,20,0.0,15,24.0,9.0,15.0,0.2542372881355932,1.4067796610169492,1.0,,,,,,,,,,,,,,
1,183.0,71.0,12,V13,8b,12,0.0,0,0.0,12.0,19.0,0.0,1.0,1.0,,,,,,,,,,,,,,
1,175.0,68.0,1,V6,7a+,16,0.0,19,30.0,5.0,12.0,0.27941176470588236,1.4411764705882353,1.0,,,,,,,,,,,,,,
1,175.0,72.0,7,V12,7c,12,40.0,0,35.0,11.0,15.0,0.0,1.4861111111111112,1.5555555555555556,,,,,,,,,,,,,,
1,178.0,85.0,3,V0,6b+,8,0.0,15,20.0,,8.0,0.17647058823529413,1.2352941176470589,1.0,,,,,,,,,,,,,,
1,178.0,71.0,10,V8,5b,16,30.0,0,40.0,7.0,3.0,0.0,1.5633802816901408,1.4225352112676057,,,,,,,,,,,,,,
1,170.0,66.0,0,V8,7b+,16,0.0,15,0.0,7.0,14.0,0.22727272727272727,1.0,1.0,,,,,,,,,,,,,,
1,182.0,73.0,1,V4,7b,12,0.0,0,0.0,3.0,13.0,0.0,1.0,1.0,,,,,,,,,,,,,,
1,181.0,73.0,1,V6,0,16,0.0,0,0.0,5.0,0.0,0.0,1.0,1.0,,,,,,,,,,,,,,
1,189.0,79.0,10,V0,8a,16,0.0,0,0.0,,17.0,0.0,1.0,1.0,,,,,,,,,,,,,,
1,186.0,72.0,15,V6,7b,4,0.0,14,0.0,5.0,13.0,0.19444444444444445,1.0,1.0,,,,,,,,,,,,,,
1,177.0,63.0,4,V10,8a,24,0.0,31,40.0,9.0,17.0,0.49206349206349204,1.6349206349206349,1.0,,,,,,,,,,,,,,
1,175.0,65.0,9,V10,7b,20,0.0,15,0.0,9.0,13.0,0.23076923076923078,1.0,1.0,,,,,,,,,,,,,,
1,182.8,78.7,1,V4,0,12,0.0,20,0.0,3.0,0.0,0.25412960609911056,1.0,1.0,,,,,,,,,,,,,,
1,175.0,83.0,7,V6,0,16,16.0,0,60.0,5.0,0.0,0.0,1.7228915662650603,1.1927710843373494,,,,,,,,,,,,,,
1,171.0,59.0,3,V6,0,8,5.0,20,10.0,5.0,0.0,0.3389830508474576,1.1694915254237288,1.0847457627118644,,,,,,,,,,,,,,
1,184.0,75.0,15,V0,7b+,12,15.0,12,0.0,,14.0,0.16,1.0,1.2,,,,,,,,,,,,,,
1,170.0,75.0,11,V9,7c+,16,0.0,25,15.0,8.0,16.0,0.3333333333333333,1.2,1.0,,,,,,,,,,,,,,
1,196.0,83.0,4,V7,6b+,8,0.0,15,0.0,6.0,8.0,0.18072289156626506,1.0,1.0,,,,,,,,,,,,,,
1,180.0,70.0,2,V4,7c,8,0.0,5,0.0,3.0,15.0,0.07142857142857142,1.0,1.0,,,,,,,,,,,,,,
1,178.0,72.5,3,V7,7a+,12,0.0,35,35.0,6.0,12.0,0.4827586206896552,1.4827586206896552,1.0,,,,,,,,,,,,,,
2,159.38,51.7095,1,V6,6c,12,0.0,5,0.0,5.0,9.0,0.09669403107746159,1.0,1.0,,,,,,,,,,,,,,
1,179.0,87.0,8,V2,0,12,0.0,10,0.0,,0.0,0.11494252873563218,1.0,1.0,,,,,,,,,,,,,,
1,166.0,53.0,3,V6,0,12,0.0,10,0.0,5.0,0.0,0.18867924528301888,1.0,1.0,,,,,,,,,,,,,,
1,182.0,65.0,11,V10,7b,4,0.0,20,0.0,9.0,13.0,0.3076923076923077,1.0,1.0,,,,,,,,,,,,,,
1,182.88,72.5748,4,V6,7b,12,0.0,12,20.0,5.0,13.0,0.16534664925015297,1.2755777487502549,1.0,,,,,,,,,,,,,,
1,168.0,65.0,4,V6,6c,12,0.0,15,0.0,5.0,9.0,0.23076923076923078,1.0,1.0,,,,,,,,,,,,,,
1,176.0,81.0,15,V12,8b,12,50.0,15,30.0,11.0,19.0,0.18518518518518517,1.3703703703703705,1.617283950617284,,,,,,,,,,,,,,
2,165.0,53.5,8,V6,7b,8,12.5,12,15.0,5.0,13.0,0.22429906542056074,1.280373831775701,1.233644859813084,,,,,,,,,,,,,,
1,170.0,59.0,1,V6,0,12,0.0,20,0.0,5.0,0.0,0.3389830508474576,1.0,1.0,,,,,,,,,,,,,,
1,191.0,89.0,1,V6,7a,12,0.0,13,0.0,5.0,11.0,0.14606741573033707,1.0,1.0,,,,,,,,,,,,,,
1,188.0,75.0,15,V8,7c+,16,18.0,16,20.0,7.0,16.0,0.21333333333333335,1.2666666666666666,1.24,,,,,,,,,,,,,,
2,178.0,66.0,1,V5,7a+,24,0.0,4,0.0,4.0,12.0,0.06060606060606061,1.0,1.0,,,,,,,,,,,,,,
1,185.0,72.5,3,V5,7a,12,16.0,15,9.0,4.0,11.0,0.20689655172413793,1.1241379310344828,1.2206896551724138,,,,,,,,,,,,,,
1,179.0,69.0,11,V8,8a+,8,0.0,0,0.0,7.0,18.0,0.0,1.0,1.0,,,,,,,,,,,,,,
1,183.0,69.0,15,V6,8a+,8,17.0,15,0.0,5.0,18.0,0.21739130434782608,1.0,1.2463768115942029,,,,,,,,,,,,,,
1,184.0,68.0,15,V10,8b,12,0.0,20,0.0,9.0,19.0,0.29411764705882354,1.0,1.0,,,,,,,,,,,,,,
1,180.0,79.0,6,V9,0,12,0.0,20,25.0,8.0,0.0,0.25316455696202533,1.3164556962025316,1.0,,,,,,,,,,,,,,
1,183.0,70.0,7,V9,7c,12,54.0,20,27.0,8.0,15.0,0.2857142857142857,1.3857142857142857,1.7714285714285714,,,,,,,,,,,,,,
1,182.0,77.0,11,V13,8a,12,0.0,0,0.0,12.0,17.0,0.0,1.0,1.0,,,,,,,,,,,,,,
1,178.0,65.0,3,V7,7b,12,0.0,12,0.0,6.0,13.0,0.18461538461538463,1.0,1.0,,,,,,,,,,,,,,
1,179.0,68.0,5,V0,7c+,16,0.0,7,0.0,,16.0,0.10294117647058823,1.0,1.0,,,,,,,,,,,,,,
1,177.0,73.0,14,V12,8a+,16,30.0,20,40.0,11.0,18.0,0.273972602739726,1.547945205479452,1.4109589041095891,,,,,,,,,,,,,,
2,167.0,70.0,8,V6,7b,20,0.0,0,17.0,5.0,13.0,0.0,1.2428571428571429,1.0,,,,,,,,,,,,,,
1,183.0,73.0,4,V5,7c,4,0.0,20,40.0,4.0,15.0,0.273972602739726,1.547945205479452,1.0,,,,,,,,,,,,,,
1,178.0,66.0,15,V6,7b+,12,0.0,10,0.0,5.0,14.0,0.15151515151515152,1.0,1.0,,,,,,,,,,,,,,
1,173.0,67.0,4,V6,7b,12,0.0,15,0.0,5.0,13.0,0.22388059701492538,1.0,1.0,,,,,,,,,,,,,,
1,176.0,70.0,15,V9,8a,12,20.0,15,25.0,8.0,17.0,0.21428571428571427,1.3571428571428572,1.2857142857142858,,,,,,,,,,,,,,
1,176.0,68.0,10,V6,7b+,8,0.0,0,0.0,5.0,14.0,0.0,1.0,1.0,,,,,,,,,,,,,,
1,180.0,63.0,4,V10,0,0,0.0,8,0.0,9.0,0.0,0.12698412698412698,1.0,1.0,,,,,,,,,,,,,,
2,159.0,52.0,7,V6,7a+,12,0.0,7,0.0,5.0,12.0,0.1346153846153846,1.0,1.0,,,,,,,,,,,,,,
1,177.0,58.5,10,V10,7c+,20,28.0,28,30.0,9.0,16.0,0.47863247863247865,1.5128205128205128,1.4786324786324787,,,,,,,,,,,,,,
1,188.0,77.0,10,V7,7b+,12,30.0,14,0.0,6.0,14.0,0.18181818181818182,1.0,1.3896103896103895,,,,,,,,,,,,,,
1,175.0,62.0,9,V11,8a+,12,0.0,0,0.0,10.0,18.0,0.0,1.0,1.0,,,,,,,,,,,,,,
1,173.0,72.0,15,V7,8b+,12,0.0,20,0.0,6.0,20.0,0.2777777777777778,1.0,1.0,,,,,,,,,,,,,,
1,193.0,88.0,15,V5,7a,12,0.0,11,0.0,4.0,11.0,0.125,1.0,1.0,,,,,,,,,,,,,,
1,188.0,84.0,3,V8,7a+,16,30.0,25,30.0,7.0,12.0,0.2976190476190476,1.3571428571428572,1.3571428571428572,,,,,,,,,,,,,,
1,184.0,76.0,2,V6,7a,12,0.0,15,0.0,5.0,11.0,0.19736842105263158,1.0,1.0,,,,,,,,,,,,,,
2,170.0,55.0,1,V4,6b,12,0.0,8,8.0,3.0,7.0,0.14545454545454545,1.1454545454545455,1.0,,,,,,,,,,,,,,
1,175.0,68.0,15,V5,7a,4,0.0,20,0.0,4.0,11.0,0.29411764705882354,1.0,1.0,,,,,,,,,,,,,,
1,167.0,61.0,2,V9,7b+,8,0.0,0,0.0,8.0,14.0,0.0,1.0,1.0,,,,,,,,,,,,,,
1,178.0,61.0,6,V10,8a,12,0.0,24,0.0,9.0,17.0,0.39344262295081966,1.0,1.0,,,,,,,,,,,,,,
1,174.0,64.5,1,V3,0,8,0.0,0,0.0,2.0,0.0,0.0,1.0,1.0,,,,,,,,,,,,,,
2,162.5,53.0,12,V10,0,12,20.0,5,0.0,9.0,0.0,0.09433962264150944,1.0,1.3773584905660377,,,,,,,,,,,,,,
1,179.0,74.0,3,V6,0,4,0.0,15,0.0,5.0,0.0,0.20270270270270271,1.0,1.0,,,,,,,,,,,,,,
1,177.0,79.0,1,V3,0,4,0.0,10,0.0,2.0,0.0,0.12658227848101267,1.0,1.0,,,,,,,,,,,,,,
1,172.7,71.67,2,V4,0,12,0.0,0,0.0,3.0,0.0,0.0,1.0,1.0,,,,,,,,,,,,,,
1,189.0,74.0,8,V12,8b+,20,35.0,25,25.0,11.0,20.0,0.33783783783783783,1.337837837837838,1.472972972972973,,,,,,,,,,,,,,
2,159.0,53.0,11,V7,7a+,8,0.0,12,0.0,6.0,12.0,0.22641509433962265,1.0,1.0,,,,,,,,,,,,,,
1,181.0,71.0,8,V9,8a,20,0.0,22,0.0,8.0,17.0,0.30985915492957744,1.0,1.0,,,,,,,,,,,,,,
1,175.0,57.0,3,V7,7a,12,0.0,13,0.0,6.0,11.0,0.22807017543859648,1.0,1.0,,,,,,,,,,,,,,
1,174.0,57.0,6,V12,0,16,40.0,35,45.0,11.0,0.0,0.6140350877192983,1.7894736842105263,1.7017543859649122,,,,,,,,,,,,,,
1,183.0,76.0,7,V3,7b,12,0.0,30,0.0,2.0,13.0,0.39473684210526316,1.0,1.0,,,,,,,,,,,,,,
1,180.0,70.0,5,V6,4c,12,0.0,0,0.0,5.0,1.0,0.0,1.0,1.0,,,,,,,,,,,,,,
1,180.0,68.0,3,V10,0,12,64.0,15,30.0,9.0,0.0,0.22058823529411764,1.4411764705882353,1.9411764705882353,,,,,,,,,,,,,,
1,173.0,77.0,10,V7,7c,16,32.0,16,25.0,6.0,15.0,0.2077922077922078,1.3246753246753247,1.4155844155844155,,,,,,,,,,,,,,
1,187.0,78.0,0,V4,6b,8,0.0,0,0.0,3.0,7.0,0.0,1.0,1.0,,,,,,,,,,,,,,
1,184.0,76.0,1,V7,7b,12,0.0,23,0.0,6.0,13.0,0.3026315789473684,1.0,1.0,,,,,,,,,,,,,,
1,178.0,70.0,3,V4,7b+,12,23.0,0,23.0,3.0,14.0,0.0,1.3285714285714285,1.3285714285714285,,,,,,,,,,,,,,
1,189.0,80.0,3,V7,0,16,38.0,20,34.0,6.0,0.0,0.25,1.425,1.475,,,,,,,,,,,,,,
2,162.0,56.0,9,V10,0,16,30.0,0,20.0,9.0,0.0,0.0,1.3571428571428572,1.5357142857142858,,,,,,,,,,,,,,
1,177.8,65.7,1,V6,7b,12,0.0,10,0.0,5.0,13.0,0.15220700152207,1.0,1.0,,,,,,,,,,,,,,
2,188.0,92.0,4,V5,0,16,0.0,15,18.0,4.0,0.0,0.16304347826086957,1.1956521739130435,1.0,,,,,,,,,,,,,,
1,180.0,62.0,1,V4,7b,16,0.0,15,0.0,3.0,13.0,0.24193548387096775,1.0,1.0,,,,,,,,,,,,,,
2,167.5,58.0,1,V4,7a+,16,0.0,3,0.0,3.0,12.0,0.05172413793103448,1.0,1.0,,,,,,,,,,,,,,
1,170.0,61.2,5,V10,7b+,4,0.0,15,25.0,9.0,14.0,0.24509803921568626,1.4084967320261437,1.0,,,,,,,,,,,,,,
1,190.5,68.7,8,V11,8a,12,0.0,30,0.0,10.0,17.0,0.43668122270742354,1.0,1.0,,,,,,,,,,,,,,
1,178.0,59.0,5,V8,0,8,0.0,0,0.0,7.0,0.0,0.0,1.0,1.0,,,,,,,,,,,,,,
1,183.0,77.0,1,V4,7a,16,0.0,0,0.0,3.0,11.0,0.0,1.0,1.0,,,,,,,,,,,,,,
1,179.0,70.3,1,V3,6b,12,0.0,8,0.0,2.0,7.0,0.11379800853485064,1.0,1.0,,,,,,,,,,,,,,
1,180.0,67.0,1,V4,0,8,0.0,0,0.0,3.0,0.0,0.0,1.0,1.0,,,,,,,,,,,,,,
2,162.0,53.0,0,V2,4c,16,0.0,8,0.0,,1.0,0.1509433962264151,1.0,1.0,,,,,,,,,,,,,,
2,170.0,54.0,1,V3,7a,12,0.0,10,0.0,2.0,11.0,0.18518518518518517,1.0,1.0,,,,,,,,,,,,,,
1,168.0,68.0,2,V3,6c,20,0.0,0,0.0,2.0,9.0,0.0,1.0,1.0,,,,,,,,,,,,,,
1,187.96,74.8,5,V9,7c+,20,0.0,25,0.0,8.0,16.0,0.3342245989304813,1.0,1.0,,,,,,,,,,,,,,
1,188.0,75.0,6,V10,8b,16,32.0,0,0.0,9.0,19.0,0.0,1.0,1.4266666666666667,,,,,,,,,,,,,,
1,177.0,66.0,5,V0,7c,12,0.0,18,0.0,,15.0,0.2727272727272727,1.0,1.0,,,,,,,,,,,,,,
1,168.0,63.0,3,V7,7a+,12,0.0,17,30.0,6.0,12.0,0.2698412698412698,1.4761904761904763,1.0,,,,,,,,,,,,,,
1,193.0,81.6466,1,V4,6b+,12,0.0,5,0.0,3.0,8.0,0.061239537225065095,1.0,1.0,,,,,,,,,,,,,,
1,172.0,72.0,3,V5,7a,8,0.0,0,0.0,4.0,11.0,0.0,1.0,1.0,,,,,,,,,,,,,,
1,181.0,72.0,3,V9,8a,8,0.0,25,27.0,8.0,17.0,0.3472222222222222,1.375,1.0,,,,,,,,,,,,,,
2,170.0,58.0,14,V9,7b+,16,0.0,12,0.0,8.0,14.0,0.20689655172413793,1.0,1.0,,,,,,,,,,,,,,
1,172.0,70.0,2,V5,7b,4,0.0,20,0.0,4.0,13.0,0.2857142857142857,1.0,1.0,,,,,,,,,,,,,,
1,186.0,74.0,3,V9,0,16,0.0,15,0.0,8.0,0.0,0.20270270270270271,1.0,1.0,,,,,,,,,,,,,,
1,183.0,80.0,1,V4,6c,4,0.0,15,0.0,3.0,9.0,0.1875,1.0,1.0,,,,,,,,,,,,,,
1,182.0,79.0,4,V6,7a+,8,0.0,10,0.0,5.0,12.0,0.12658227848101267,1.0,1.0,,,,,,,,,,,,,,
1,178.0,55.0,1,V5,0,4,0.0,15,50.0,4.0,0.0,0.2727272727272727,1.9090909090909092,1.0,,,,,,,,,,,,,,
1,177.8,60.0,6,V7,0,12,0.0,15,0.0,6.0,0.0,0.25,1.0,1.0,,,,,,,,,,,,,,
1,175.0,61.0,1,V8,7a+,16,0.0,15,0.0,7.0,12.0,0.2459016393442623,1.0,1.0,,,,,,,,,,,,,,
1,177.0,81.5,1,V6,6c,12,0.0,6,0.0,5.0,9.0,0.0736196319018405,1.0,1.0,,,,,,,,,,,,,,
2,155.0,47.0,2,V4,0,4,0.0,12,0.0,3.0,0.0,0.2553191489361702,1.0,1.0,,,,,,,,,,,,,,
1,187.0,85.0,1,V4,8a,8,0.0,15,0.0,3.0,17.0,0.17647058823529413,1.0,1.0,,,,,,,,,,,,,,
1,183.0,70.0,3,V8,7a+,12,30.0,18,20.0,7.0,12.0,0.2571428571428571,1.2857142857142858,1.4285714285714286,,,,,,,,,,,,,,
1,178.0,63.0,13,V11,8a+,12,45.0,24,35.0,10.0,18.0,0.38095238095238093,1.5555555555555556,1.7142857142857142,,,,,,,,,,,,,,
2,156.0,42.0,2,V0,5c,8,0.0,0,0.0,,4.0,0.0,1.0,1.0,,,,,,,,,,,,,,
1,165.0,63.0,4,V10,7b,16,43.0,0,0.0,9.0,13.0,0.0,1.0,1.6825396825396826,,,,,,,,,,,,,,
1,177.0,70.0,0,V2,6b,4,0.0,8,0.0,,7.0,0.11428571428571428,1.0,1.0,,,,,,,,,,,,,,
1,178.0,79.8,3,V6,6b+,12,0.0,0,0.0,5.0,8.0,0.0,1.0,1.0,,,,,,,,,,,,,,
1,177.8,59.87419284,1,V9,7c,20,0.0,0,0.0,8.0,15.0,0.0,1.0,1.0,,,,,,,,,,,,,,
1,194.0,86.0,1,V6,6c,12,0.0,25,0.0,5.0,9.0,0.29069767441860467,1.0,1.0,,,,,,,,,,,,,,
1,172.0,61.0,4,V10,0,16,16.0,22,24.0,9.0,0.0,0.36065573770491804,1.3934426229508197,1.2622950819672132,,,,,,,,,,,,,,
1,178.0,73.4,1,V6,0,12,0.0,15,15.0,5.0,0.0,0.20435967302452315,1.2043596730245232,1.0,,,,,,,,,,,,,,
1,175.0,68.0,7,V6,7b,8,32.0,15,25.0,5.0,13.0,0.22058823529411764,1.3676470588235294,1.4705882352941178,,,,,,,,,,,,,,
1,190.5,78.0,3,V7,7b,16,0.0,15,12.0,6.0,13.0,0.19230769230769232,1.1538461538461537,1.0,,,,,,,,,,,,,,
1,187.96,77.1,3,V9,7c+,12,20.14,25,41.0,8.0,16.0,0.324254215304799,1.5317769130998704,1.261219195849546,,,,,,,,,,,,,,
1,184.0,75.0,4,V6,6c,8,0.0,15,50.0,5.0,9.0,0.2,1.6666666666666667,1.0,,,,,,,,,,,,,,
1,178.0,79.0,1,V6,7b,12,0.0,17,15.0,5.0,13.0,0.21518987341772153,1.1898734177215189,1.0,,,,,,,,,,,,,,
2,170.0,51.0,5,V7,7c+,8,0.0,15,0.0,6.0,16.0,0.29411764705882354,1.0,1.0,,,,,,,,,,,,,,
1,182.0,83.6,1,V6,0,12,0.0,6,0.0,5.0,0.0,0.07177033492822966,1.0,1.0,,,,,,,,,,,,,,
1,165.0,68.0,15,V13,8c,12,0.0,10,0.0,12.0,21.0,0.14705882352941177,1.0,1.0,,,,,,,,,,,,,,
1,177.0,71.0,1,V5,0,12,0.0,15,0.0,4.0,0.0,0.2112676056338028,1.0,1.0,,,,,,,,,,,,,,
1,183.0,80.0,2,V7,7b+,8,0.0,15,40.0,6.0,14.0,0.1875,1.5,1.0,,,,,,,,,,,,,,
1,183.0,70.0,1,V7,7b,12,0.0,18,0.0,6.0,13.0,0.2571428571428571,1.0,1.0,,,,,,,,,,,,,,
2,178.0,61.0,1,V3,6a,12,0.0,3,0.0,2.0,5.0,0.04918032786885246,1.0,1.0,,,,,,,,,,,,,,
1,180.0,74.8,8,V10,8b,16,0.0,15,0.0,9.0,19.0,0.20053475935828877,1.0,1.0,,,,,,,,,,,,,,
1,175.0,72.0,0,V0,7b+,12,0.0,18,27.0,,14.0,0.25,1.375,1.0,,,,,,,,,,,,,,
1,168.0,59.0,0,V7,6c,8,9.0,12,5.0,6.0,9.0,0.2033898305084746,1.0847457627118644,1.152542372881356,,,,,,,,,,,,,,
2,162.0,60.0,1,V4,6c,16,0.0,0,0.0,3.0,9.0,0.0,1.0,1.0,,,,,,,,,,,,,,
1,172.0,72.0,4,V7,0,16,35.0,20,35.0,6.0,0.0,0.2777777777777778,1.4861111111111112,1.4861111111111112,,,,,,,,,,,,,,
1,178.0,77.0,5,V7,7c,12,0.0,15,0.0,6.0,15.0,0.19480519480519481,1.0,1.0,,,,,,,,,,,,,,
1,178.0,81.0,4,V6,6b+,8,0.0,10,0.0,5.0,8.0,0.12345679012345678,1.0,1.0,,,,,,,,,,,,,,
2,152.0,54.0,2,V2,0,4,0.0,0,0.0,,0.0,0.0,1.0,1.0,,,,,,,,,,,,,,
2,160.0,54.4,1,V4,7a,8,0.0,4,0.0,3.0,11.0,0.07352941176470588,1.0,1.0,,,,,,,,,,,,,,
1,196.0,93.0,0,V6,7a+,12,0.0,2,0.0,5.0,12.0,0.021505376344086023,1.0,1.0,,,,,,,,,,,,,,
2,160.0,56.0,2,V4,6b,8,0.0,5,0.0,3.0,7.0,0.08928571428571429,1.0,1.0,,,,,,,,,,,,,,
1,187.96,77.5643,7,V7,8a,8,9.0,18,25.0,6.0,17.0,0.2320655249902339,1.3223132291531026,1.116032762495117,,,,,,,,,,,,,,
1,185.0,66.0,6,V10,7c,16,0.0,30,0.0,9.0,15.0,0.45454545454545453,1.0,1.0,,,,,,,,,,,,,,
1,184.0,59.0,4,V4,6a,4,0.0,4,0.0,3.0,5.0,0.06779661016949153,1.0,1.0,,,,,,,,,,,,,,
1,189.0,70.0,2,V7,7b,20,0.0,0,0.0,6.0,13.0,0.0,1.0,1.0,,,,,,,,,,,,,,
1,178.0,81.6,1,V5,0,8,0.0,18,40.0,4.0,0.0,0.22058823529411767,1.4901960784313726,1.0,,,,,,,,,,,,,,
1,175.0,58.0,2,V8,7b+,16,20.0,0,25.0,7.0,14.0,0.0,1.4310344827586208,1.3448275862068966,,,,,,,,,,,,,,
1,178.0,66.0,6,V8,7a+,12,0.0,20,0.0,7.0,12.0,0.30303030303030304,1.0,1.0,,,,,,,,,,,,,,
1,169.0,79.0,1,V4,5c,12,0.0,28,75.0,3.0,4.0,0.35443037974683544,1.9493670886075949,1.0,,,,,,,,,,,,,,
1,185.0,70.3,2,V7,6c,12,0.0,20,20.0,6.0,9.0,0.2844950213371266,1.2844950213371267,1.0,,,,,,,,,,,,,,
2,165.0,61.0,1,V4,6a,12,0.0,4,0.0,3.0,5.0,0.06557377049180328,1.0,1.0,,,,,,,,,,,,,,
1,179.0,73.0,0,V4,6b+,8,0.0,18,0.0,3.0,8.0,0.2465753424657534,1.0,1.0,,,,,,,,,,,,,,
1,180.0,72.5,2,V8,7b,20,0.0,25,0.0,7.0,13.0,0.3448275862068966,1.0,1.0,,,,,,,,,,,,,,
1,178.0,68.0,2,V9,7a,8,0.0,25,15.0,8.0,11.0,0.36764705882352944,1.2205882352941178,1.0,,,,,,,,,,,,,,
2,158.0,54.0,3,V0,6a,8,0.0,0,0.0,,5.0,0.0,1.0,1.0,,,,,,,,,,,,,,
1,183.0,81.0,7,V10,8a,12,0.0,0,0.0,9.0,17.0,0.0,1.0,1.0,,,,,,,,,,,,,,
1,183.0,86.0,4,V7,6b+,12,86.0,13,95.0,6.0,8.0,0.1511627906976744,2.104651162790698,2.0,,,,,,,,,,,,,,
1,170.0,85.0,1,V2,7a,8,0.0,8,0.0,,11.0,0.09411764705882353,1.0,1.0,,,,,,,,,,,,,,
1,185.0,78.0,1,V7,7a+,8,0.0,12,0.0,6.0,12.0,0.15384615384615385,1.0,1.0,,,,,,,,,,,,,,
1,185.0,78.0,1,V7,7a+,8,0.0,12,0.0,6.0,12.0,0.15384615384615385,1.0,1.0,,,,,,,,,,,,,,
1,180.0,81.65,2,V7,7b,12,50.0,8,0.0,6.0,13.0,0.09797917942437231,1.0,1.612369871402327,,,,,,,,,,,,,,
1,178.0,74.5,11,V7,7b,12,5.0,0,24.0,6.0,13.0,0.0,1.3221476510067114,1.0671140939597314,,,,,,,,,,,,,,
1,178.0,82.0,1,V5,6a,8,0.0,0,0.0,4.0,5.0,0.0,1.0,1.0,,,,,,,,,,,,,,
1,176.0,76.0,1,V6,6c,12,0.0,0,0.0,5.0,9.0,0.0,1.0,1.0,,,,,,,,,,,,,,
1,183.0,79.0,4,V9,7c,20,36.0,19,34.0,8.0,15.0,0.24050632911392406,1.4303797468354431,1.4556962025316456,,,,,,,,,,,,,,
1,167.0,74.0,1,V6,0,8,0.0,0,0.0,5.0,0.0,0.0,1.0,1.0,,,,,,,,,,,,,,
1,182.9,80.0,4,V8,7c,12,0.0,20,35.0,7.0,15.0,0.25,1.4375,1.0,,,,,,,,,,,,,,
1,183.0,80.0,11,V9,0,8,0.0,35,40.0,8.0,0.0,0.4375,1.5,1.0,,,,,,,,,,,,,,
1,180.0,92.0,1,V5,6a,8,0.0,8,8.0,4.0,5.0,0.08695652173913043,1.0869565217391304,1.0,,,,,,,,,,,,,,
2,165.0,53.5,2,V6,7b,16,0.0,15,0.0,5.0,13.0,0.2803738317757009,1.0,1.0,,,,,,,,,,,,,,
1,180.0,70.0,6,V9,8b,20,35.0,25,40.0,8.0,19.0,0.35714285714285715,1.5714285714285714,1.5,,,,,,,,,,,,,,
1,192.0,89.0,2,V6,7a,12,0.0,12,0.0,5.0,11.0,0.1348314606741573,1.0,1.0,,,,,,,,,,,,,,
1,177.5,72.5,1,V5,6a,12,0.0,20,21.0,4.0,5.0,0.27586206896551724,1.289655172413793,1.0,,,,,,,,,,,,,,
2,169.0,57.0,1,V3,5b,8,0.0,4,0.0,2.0,3.0,0.07017543859649122,1.0,1.0,,,,,,,,,,,,,,
1,171.0,68.0,1,V8,0,12,0.0,0,0.0,7.0,0.0,0.0,1.0,1.0,,,,,,,,,,,,,,
1,180.0,74.8,12,V7,8a,12,43.0,0,45.0,6.0,17.0,0.0,1.6016042780748663,1.5748663101604279,,,,,,,,,,,,,,
1,174.0,68.0,2,V8,7a+,16,0.0,0,0.0,7.0,12.0,0.0,1.0,1.0,,,,,,,,,,,,,,
1,194.0,80.0,0,V3,5a,16,0.0,12,0.0,2.0,2.0,0.15,1.0,1.0,,,,,,,,,,,,,,
1,183.0,98.0,5,V4,7a+,12,0.0,9,0.0,3.0,12.0,0.09183673469387756,1.0,1.0,,,,,,,,,,,,,,
1,160.0,64.41,5,V7,0,8,0.0,30,0.0,6.0,0.0,0.4657661853749418,1.0,1.0,,,,,,,,,,,,,,
1,179.0,68.0,7,V6,7b+,12,0.0,12,0.0,5.0,14.0,0.17647058823529413,1.0,1.0,,,,,,,,,,,,,,
1,186.0,78.0,9,V8,7c,8,0.0,12,0.0,7.0,15.0,0.15384615384615385,1.0,1.0,,,,,,,,,,,,,,
1,171.0,65.0,1,V3,5c,12,0.0,20,28.0,2.0,4.0,0.3076923076923077,1.4307692307692308,1.0,,,,,,,,,,,,,,
1,172.0,61.0,1,V8,7b,16,36.0,35,45.0,7.0,13.0,0.5737704918032787,1.7377049180327868,1.5901639344262295,,,,,,,,,,,,,,
1,183.0,79.0,5,V9,0,16,45.0,20,40.0,8.0,0.0,0.25316455696202533,1.5063291139240507,1.5696202531645569,,,,,,,,,,,,,,
1,162.0,56.0,1,V5,6b,12,0.0,12,0.0,4.0,7.0,0.21428571428571427,1.0,1.0,,,,,,,,,,,,,,
1,182.0,83.0,9,V14,0,16,40.0,30,80.0,13.0,0.0,0.3614457831325301,1.963855421686747,1.4819277108433735,,,,,,,,,,,,,,
2,178.0,64.0,1,V6,0,12,0.0,9,0.0,5.0,0.0,0.140625,1.0,1.0,,,,,,,,,,,,,,
1,177.0,64.0,4,V10,8a+,20,67.0,30,50.0,9.0,18.0,0.46875,1.78125,2.046875,,,,,,,,,,,,,,
1,175.0,66.0,1,V5,0,12,0.0,10,0.0,4.0,0.0,0.15151515151515152,1.0,1.0,,,,,,,,,,,,,,
2,162.5,61.0,3,V9,4a,16,30.0,12,13.0,8.0,,0.19672131147540983,1.2131147540983607,1.4918032786885247,,,,,,,,,,,,,,
2,163.0,55.0,0,V6,7a+,20,0.0,0,0.0,5.0,12.0,0.0,1.0,1.0,,,,,,,,,,,,,,
1,177.0,74.0,7,V10,8a,12,39.0,25,27.0,9.0,17.0,0.33783783783783783,1.364864864864865,1.527027027027027,,,,,,,,,,,,,,
1,185.0,74.0,2,V6,7b,8,0.0,0,0.0,5.0,13.0,0.0,1.0,1.0,,,,,,,,,,,,,,
1,180.0,78.0,14,V10,7c+,16,52.5,30,57.0,9.0,16.0,0.38461538461538464,1.7307692307692308,1.6730769230769231,,,,,,,,,,,,,,
1,177.5,72.0,10,V6,7b+,12,0.0,0,0.0,5.0,14.0,0.0,1.0,1.0,,,,,,,,,,,,,,
1,178.0,72.0,0,V4,0,12,0.0,0,0.0,3.0,0.0,0.0,1.0,1.0,,,,,,,,,,,,,,
1,172.0,57.0,1,V6,7b,12,0.0,0,0.0,5.0,13.0,0.0,1.0,1.0,,,,,,,,,,,,,,
1,180.0,82.0,3,V6,7a+,4,0.0,10,0.0,5.0,12.0,0.12195121951219512,1.0,1.0,,,,,,,,,,,,,,
1,185.0,88.45,10,V9,4a,12,27.21,20,60.0,8.0,,0.22611644997173544,1.6783493499152062,1.307631430186546,,,,,,,,,,,,,,
1,174.0,75.0,2,V5,7a+,12,0.0,12,0.0,4.0,12.0,0.16,1.0,1.0,,,,,,,,,,,,,,
1,183.0,85.0,2,V5,6c,12,1.0,0,0.0,4.0,9.0,0.0,1.0,1.011764705882353,,,,,,,,,,,,,,
1,176.0,68.0,2,V8,0,8,0.0,0,0.0,7.0,0.0,0.0,1.0,1.0,,,,,,,,,,,,,,
1,180.0,64.0,4,V0,8a,16,46.0,0,0.0,,17.0,0.0,1.0,1.71875,,,,,,,,,,,,,,
1,171.0,59.0,1,V7,7c+,12,0.0,0,0.0,6.0,16.0,0.0,1.0,1.0,,,,,,,,,,,,,,
1,180.0,70.0,8,V11,8b+,16,57.0,28,35.0,10.0,20.0,0.4,1.5,1.8142857142857143,,,,,,,,,,,,,,
1,179.0,72.0,2,V6,7a,20,0.0,0,35.0,5.0,11.0,0.0,1.4861111111111112,1.0,,,,,,,,,,,,,,
1,172.0,88.0,10,V8,0,12,45.0,12,0.0,7.0,0.0,0.13636363636363635,1.0,1.5113636363636365,,,,,,,,,,,,,,
1,180.0,70.0,8,V9,7c+,16,58.0,0,0.0,8.0,16.0,0.0,1.0,1.8285714285714285,,,,,,,,,,,,,,
1,173.0,64.0,10,V12,0,28,60.0,37,50.0,11.0,0.0,0.578125,1.78125,1.9375,,,,,,,,,,,,,,
1,178.0,68.0,10,V0,8b,16,36.0,0,25.0,,19.0,0.0,1.3676470588235294,1.5294117647058822,,,,,,,,,,,,,,
1,162.0,53.0,2,V5,6c,8,0.0,20,0.0,4.0,9.0,0.37735849056603776,1.0,1.0,,,,,,,,,,,,,,
1,173.0,63.0,7,V13,0,16,0.0,25,75.0,12.0,0.0,0.3968253968253968,2.1904761904761907,1.0,,,,,,,,,,,,,,
1,185.0,100.0,2,V5,5c,8,0.0,20,30.0,4.0,4.0,0.2,1.3,1.0,,,,,,,,,,,,,,
1,185.0,65.0,2,V7,7c,8,0.0,6,0.0,6.0,15.0,0.09230769230769231,1.0,1.0,,,,,,,,,,,,,,
1,191.0,113.0,0,V3,5c,8,0.0,0,0.0,2.0,4.0,0.0,1.0,1.0,,,,,,,,,,,,,,
1,172.0,75.0,1,V4,5c,12,0.0,20,0.0,3.0,4.0,0.26666666666666666,1.0,1.0,,,,,,,,,,,,,,
1,170.0,68.0,2,V5,4a,4,0.0,15,15.0,4.0,,0.22058823529411764,1.2205882352941178,1.0,,,,,,,,,,,,,,
1,175.26,70.3,1,V7,7a+,24,0.0,17,25.0,6.0,12.0,0.24182076813655762,1.3556187766714083,1.0,,,,,,,,,,,,,,
2,167.0,70.0,8,V11,7c+,20,0.0,12,18.0,10.0,16.0,0.17142857142857143,1.2571428571428571,1.0,,,,,,,,,,,,,,
2,162.56,56.699,10,V6,7b,12,0.0,5,0.0,5.0,13.0,0.0881849768073511,1.0,1.0,,,,,,,,,,,,,,
1,175.0,63.5,5,V8,0,20,30.0,30,40.0,7.0,0.0,0.47244094488188976,1.6299212598425197,1.4724409448818898,,,,,,,,,,,,,,
1,178.0,66.0,3,V6,7b,12,0.0,16,0.0,5.0,13.0,0.24242424242424243,1.0,1.0,,,,,,,,,,,,,,
1,187.0,72.0,3,V8,7b,12,20.0,18,20.0,7.0,13.0,0.25,1.2777777777777777,1.2777777777777777,,,,,,,,,,,,,,
1,175.0,64.0,3,V6,7b,12,0.0,18,20.0,5.0,13.0,0.28125,1.3125,1.0,,,,,,,,,,,,,,
2,167.0,73.0,0,V2,4b,8,0.0,0,0.0,,,0.0,1.0,1.0,,,,,,,,,,,,,,
1,183.0,67.0,1,V6,7b,12,0.0,18,10.0,5.0,13.0,0.26865671641791045,1.1492537313432836,1.0,,,,,,,,,,,,,,
1,186.0,70.0,2,V6,0,12,0.0,15,0.0,5.0,0.0,0.21428571428571427,1.0,1.0,,,,,,,,,,,,,,
1,174.0,60.0,0,V6,7b,16,0.0,10,0.0,5.0,13.0,0.16666666666666666,1.0,1.0,,,,,,,,,,,,,,
1,178.0,66.0,9,V11,0,16,0.0,25,0.0,10.0,0.0,0.3787878787878788,1.0,1.0,,,,,,,,,,,,,,
1,179.0,66.22,3,V8,4a,16,0.0,22,0.0,7.0,,0.33222591362126247,1.0,1.0,,,,,,,,,,,,,,
2,165.0,53.0,4,V4,7a+,8,0.0,3,0.0,3.0,12.0,0.05660377358490566,1.0,1.0,,,,,,,,,,,,,,
1,182.88,65.7,1,V6,6c,8,0.0,0,0.0,5.0,9.0,0.0,1.0,1.0,,,,,,,,,,,,,,
1,180.0,86.0,1,V5,7b,12,0.0,10,0.0,4.0,13.0,0.11627906976744186,1.0,1.0,,,,,,,,,,,,,,
1,184.0,87.0,2,V4,6b,12,0.0,13,20.0,3.0,7.0,0.14942528735632185,1.2298850574712643,1.0,,,,,,,,,,,,,,
1,188.0,65.0,1,V4,7b,8,0.0,12,0.0,3.0,13.0,0.18461538461538463,1.0,1.0,,,,,,,,,,,,,,
1,180.0,76.0,2,V6,7a+,12,20.0,22,35.0,5.0,12.0,0.2894736842105263,1.4605263157894737,1.263157894736842,,,,,,,,,,,,,,
1,193.0,76.0,0,V4,6a,8,0.0,12,0.0,3.0,5.0,0.15789473684210525,1.0,1.0,,,,,,,,,,,,,,
1,177.0,69.0,1,V5,0,12,0.0,3,0.0,4.0,0.0,0.043478260869565216,1.0,1.0,,,,,,,,,,,,,,
1,180.0,72.0,3,V8,7b+,16,22.6,20,28.0,7.0,14.0,0.2777777777777778,1.3888888888888888,1.3138888888888889,,,,,,,,,,,,,,
1,167.0,62.5,1,V7,7a+,16,0.0,25,15.0,6.0,12.0,0.4,1.24,1.0,,,,,,,,,,,,,,
1,173.0,130.0,2,V7,7b,12,0.0,15,0.0,6.0,13.0,0.11538461538461539,1.0,1.0,,,,,,,,,,,,,,
1,177.8,58.967,5,V9,0,16,0.0,13,12.0,8.0,0.0,0.2204622924686689,1.2035036545864637,1.0,,,,,,,,,,,,,,
1,180.0,59.0,3,V5,0,8,0.0,11,0.0,4.0,0.0,0.1864406779661017,1.0,1.0,,,,,,,,,,,,,,
1,176.0,73.3,7,V7,7b,8,0.0,12,0.0,6.0,13.0,0.16371077762619374,1.0,1.0,,,,,,,,,,,,,,
2,165.0,63.5,4,V6,7b+,8,0.0,10,0.0,5.0,14.0,0.15748031496062992,1.0,1.0,,,,,,,,,,,,,,
1,178.0,72.0,1,V4,6b,12,0.0,15,55.0,3.0,7.0,0.20833333333333334,1.7638888888888888,1.0,,,,,,,,,,,,,,
2,160.0,117.0,1,V5,6c,12,0.0,5,0.0,4.0,9.0,0.042735042735042736,1.0,1.0,,,,,,,,,,,,,,
2,168.0,70.0,6,V6,6c,8,0.0,3,0.0,5.0,9.0,0.04285714285714286,1.0,1.0,,,,,,,,,,,,,,
1,193.0,86.0,1,V7,7a,12,0.0,10,0.0,6.0,11.0,0.11627906976744186,1.0,1.0,,,,,,,,,,,,,,
1,175.0,77.0,2,V6,0,12,10.0,15,15.0,5.0,0.0,0.19480519480519481,1.1948051948051948,1.12987012987013,,,,,,,,,,,,,,
1,188.0,82.0,0,V4,7a,12,0.0,9,0.0,3.0,11.0,0.10975609756097561,1.0,1.0,,,,,,,,,,,,,,
2,171.0,68.0,4,V5,0,12,0.0,6,0.0,4.0,0.0,0.08823529411764706,1.0,1.0,,,,,,,,,,,,,,
1,186.0,80.0,11,V9,0,12,25.0,15,30.0,8.0,0.0,0.1875,1.375,1.3125,,,,,,,,,,,,,,
2,167.64,56.699,3,V8,7c,16,0.0,20,15.0,7.0,15.0,0.3527399072294044,1.2645549304220534,1.0,,,,,,,,,,,,,,
1,185.0,78.0,7,V8,7b+,8,44.0,12,20.0,7.0,14.0,0.15384615384615385,1.2564102564102564,1.564102564102564,,,,,,,,,,,,,,
1,180.0,72.5,10,V8,7c+,8,0.0,14,0.0,7.0,16.0,0.19310344827586207,1.0,1.0,,,,,,,,,,,,,,
1,175.0,65.5,4,V8,7b+,8,0.0,15,16.0,7.0,14.0,0.22900763358778625,1.2442748091603053,1.0,,,,,,,,,,,,,,
1,180.0,70.0,3,V8,7b+,16,0.0,25,35.0,7.0,14.0,0.35714285714285715,1.5,1.0,,,,,,,,,,,,,,
1,175.0,67.0,1,V7,0,16,0.0,20,27.0,6.0,0.0,0.29850746268656714,1.4029850746268657,1.0,,,,,,,,,,,,,,
1,175.0,75.0,9,V6,7b+,8,0.0,17,15.0,5.0,14.0,0.22666666666666666,1.2,1.0,,,,,,,,,,,,,,
1,179.0,63.0,1,V4,0,8,0.0,15,15.0,3.0,0.0,0.23809523809523808,1.2380952380952381,1.0,,,,,,,,,,,,,,
1,182.0,65.0,1,V5,7c,8,0.0,0,0.0,4.0,15.0,0.0,1.0,1.0,,,,,,,,,,,,,,
1,184.0,78.0,6,V6,7b,16,0.0,13,0.0,5.0,13.0,0.16666666666666666,1.0,1.0,,,,,,,,,,,,,,
1,177.0,73.5,8,V10,0,16,52.5,0,0.0,9.0,0.0,0.0,1.0,1.7142857142857142,,,,,,,,,,,,,,
1,188.0,78.0,0,V3,6b,16,0.0,12,10.0,2.0,7.0,0.15384615384615385,1.1282051282051282,1.0,,,,,,,,,,,,,,
1,184.0,80.0,3,V4,7a+,12,0.0,14,60.0,3.0,12.0,0.175,1.75,1.0,,,,,,,,,,,,,,
1,176.0,54.0,1,V6,7a,8,15.0,30,25.0,5.0,11.0,0.5555555555555556,1.462962962962963,1.2777777777777777,,,,,,,,,,,,,,
1,170.0,65.0,0,V5,6c,12,0.0,30,30.0,4.0,9.0,0.46153846153846156,1.4615384615384615,1.0,,,,,,,,,,,,,,
1,178.0,80.0,1,V4,6b,8,0.0,8,0.0,3.0,7.0,0.1,1.0,1.0,,,,,,,,,,,,,,
1,169.0,63.0,1,V6,6b+,12,22.0,24,35.0,5.0,8.0,0.38095238095238093,1.5555555555555556,1.3492063492063493,,,,,,,,,,,,,,
1,168.5,76.0,1,V5,7a,4,0.0,30,0.0,4.0,11.0,0.39473684210526316,1.0,1.0,,,,,,,,,,,,,,
1,173.0,70.0,3,V6,6c,12,0.0,18,0.0,5.0,9.0,0.2571428571428571,1.0,1.0,,,,,,,,,,,,,,
2,157.0,59.0,2,V4,7a,20,0.0,0,0.0,3.0,11.0,0.0,1.0,1.0,,,,,,,,,,,,,,
1,173.0,76.0,6,V4,6c,16,0.0,12,15.0,3.0,9.0,0.15789473684210525,1.1973684210526316,1.0,,,,,,,,,,,,,,
1,190.5,70.3,1,V7,7b,12,25.0,20,20.0,6.0,13.0,0.2844950213371266,1.2844950213371267,1.3556187766714083,,,,,,,,,,,,,,
1,170.0,73.66,0,V6,0,16,0.0,18,10.0,5.0,0.0,0.24436600597339128,1.1357588922074395,1.0,,,,,,,,,,,,,,
2,176.0,56.0,2,V5,6b+,12,8.0,12,5.0,4.0,8.0,0.21428571428571427,1.0892857142857142,1.1428571428571428,,,,,,,,,,,,,,
1,183.0,70.0,1,V6,6a,8,0.0,15,10.0,5.0,5.0,0.21428571428571427,1.1428571428571428,1.0,,,,,,,,,,,,,,
2,170.0,56.0,1,V6,0,12,0.0,15,0.0,5.0,0.0,0.26785714285714285,1.0,1.0,,,,,,,,,,,,,,
1,183.0,72.0,1,V6,7b,12,0.0,14,0.0,5.0,13.0,0.19444444444444445,1.0,1.0,,,,,,,,,,,,,,
1,175.0,65.0,5,V10,8b,20,0.0,33,25.0,9.0,19.0,0.5076923076923077,1.3846153846153846,1.0,,,,,,,,,,,,,,
1,165.0,68.0,5,V9,0,12,45.0,24,35.0,8.0,0.0,0.35294117647058826,1.5147058823529411,1.661764705882353,,,,,,,,,,,,,,
1,188.0,77.0,1,V4,6b,12,0.0,7,0.0,3.0,7.0,0.09090909090909091,1.0,1.0,,,,,,,,,,,,,,
1,155.0,69.0,1,V5,8b+,12,0.0,7,0.0,4.0,20.0,0.10144927536231885,1.0,1.0,,,,,,,,,,,,,,
1,181.0,75.0,2,V5,7a+,12,0.0,19,15.0,4.0,12.0,0.25333333333333335,1.2,1.0,,,,,,,,,,,,,,
1,178.0,78.0,4,V6,0,12,13.6,4,0.0,5.0,0.0,0.05128205128205128,1.0,1.1743589743589742,,,,,,,,,,,,,,
1,180.0,68.0,13,V9,7c+,20,12.0,0,0.0,8.0,16.0,0.0,1.0,1.1764705882352942,,,,,,,,,,,,,,
1,177.8,68.0,4,V7,7b,12,40.0,0,40.0,6.0,13.0,0.0,1.588235294117647,1.588235294117647,,,,,,,,,,,,,,
2,163.0,56.0,2,V5,7b+,16,0.0,15,0.0,4.0,14.0,0.26785714285714285,1.0,1.0,,,,,,,,,,,,,,
1,173.0,65.0,5,V10,7c+,12,0.0,12,0.0,9.0,16.0,0.18461538461538463,1.0,1.0,,,,,,,,,,,,,,
1,178.0,65.0,1,V5,6b+,8,0.0,12,8.0,4.0,8.0,0.18461538461538463,1.123076923076923,1.0,,,,,,,,,,,,,,
1,185.0,74.0,13,V7,7b,16,8.0,15,8.0,6.0,13.0,0.20270270270270271,1.1081081081081081,1.1081081081081081,,,,,,,,,,,,,,
1,185.0,75.0,2,V7,7b+,12,0.0,17,30.0,6.0,14.0,0.22666666666666666,1.4,1.0,,,,,,,,,,,,,,
1,175.0,68.0,0,V5,6a,12,0.0,14,12.0,4.0,5.0,0.20588235294117646,1.1764705882352942,1.0,,,,,,,,,,,,,,
1,172.72,81.647,1,V8,6c,12,0.0,0,0.0,7.0,9.0,0.0,1.0,1.0,,,,,,,,,,,,,,
1,176.0,78.0,1,V4,6b,12,0.0,10,0.0,3.0,7.0,0.1282051282051282,1.0,1.0,,,,,,,,,,,,,,
1,175.0,72.0,2,V8,7b+,16,25.0,20,28.0,7.0,14.0,0.2777777777777778,1.3888888888888888,1.3472222222222223,,,,,,,,,,,,,,
1,178.0,76.0,2,V8,7b+,12,0.0,10,20.0,7.0,14.0,0.13157894736842105,1.263157894736842,1.0,,,,,,,,,,,,,,
1,172.72,64.5,3,V7,7c,12,0.0,0,0.0,6.0,15.0,0.0,1.0,1.0,,,,,,,,,,,,,,
1,175.0,63.0,1,V6,0,16,0.0,15,0.0,5.0,0.0,0.23809523809523808,1.0,1.0,,,,,,,,,,,,,,
1,164.0,65.0,1,V6,6b,12,0.0,10,20.0,5.0,7.0,0.15384615384615385,1.3076923076923077,1.0,,,,,,,,,,,,,,
1,180.0,63.5,2,V5,7a,8,0.0,12,30.0,4.0,11.0,0.1889763779527559,1.4724409448818898,1.0,,,,,,,,,,,,,,
1,180.0,70.0,4,V11,0,16,10.0,30,25.0,10.0,0.0,0.42857142857142855,1.3571428571428572,1.1428571428571428,,,,,,,,,,,,,,
1,173.0,67.0,1,V5,0,12,20.0,13,33.0,4.0,0.0,0.19402985074626866,1.492537313432836,1.2985074626865671,,,,,,,,,,,,,,
1,181.0,78.0,1,V4,0,12,0.0,2,0.0,3.0,0.0,0.02564102564102564,1.0,1.0,,,,,,,,,,,,,,
1,175.0,68.0,15,V8,7c+,4,0.0,30,35.0,7.0,16.0,0.4411764705882353,1.5147058823529411,1.0,,,,,,,,,,,,,,
2,156.0,53.0,0,V5,7a,12,0.0,0,0.0,4.0,11.0,0.0,1.0,1.0,,,,,,,,,,,,,,
2,169.0,65.0,0,V4,6c,8,0.0,2,0.0,3.0,9.0,0.03076923076923077,1.0,1.0,,,,,,,,,,,,,,
1,178.0,71.0,2,V8,0,12,30.0,0,0.0,7.0,0.0,0.0,1.0,1.4225352112676057,,,,,,,,,,,,,,
1,162.0,56.0,3,V8,7b+,16,0.0,30,0.0,7.0,14.0,0.5357142857142857,1.0,1.0,,,,,,,,,,,,,,
1,189.0,75.0,1,V5,6b+,8,0.0,0,0.0,4.0,8.0,0.0,1.0,1.0,,,,,,,,,,,,,,
2,162.5,59.0,2,V4,0,8,0.0,3,0.0,3.0,0.0,0.05084745762711865,1.0,1.0,,,,,,,,,,,,,,
1,170.0,65.0,13,V10,8a,16,0.0,0,0.0,9.0,17.0,0.0,1.0,1.0,,,,,,,,,,,,,,
1,180.0,72.0,8,V7,8a,16,16.0,18,20.0,6.0,17.0,0.25,1.2777777777777777,1.2222222222222223,,,,,,,,,,,,,,
1,180.0,75.0,2,V5,6b+,0,0.0,7,0.0,4.0,8.0,0.09333333333333334,1.0,1.0,,,,,,,,,,,,,,
1,170.0,70.0,1,V5,7a+,20,15.0,15,18.0,4.0,12.0,0.21428571428571427,1.2571428571428571,1.2142857142857142,,,,,,,,,,,,,,
1,181.0,80.0,0,V4,6b,12,2.5,28,27.0,3.0,7.0,0.35,1.3375,1.03125,,,,,,,,,,,,,,
1,170.0,66.0,1,V0,7a,12,18.0,25,36.0,,11.0,0.3787878787878788,1.5454545454545454,1.2727272727272727,,,,,,,,,,,,,,
1,188.0,80.0,3,V7,6b,12,30.0,15,23.0,6.0,7.0,0.1875,1.2875,1.375,,,,,,,,,,,,,,
1,188.0,71.0,3,V9,0,16,38.0,20,25.0,8.0,0.0,0.28169014084507044,1.352112676056338,1.5352112676056338,,,,,,,,,,,,,,
1,183.0,65.0,4,V4,0,8,0.0,20,0.0,3.0,0.0,0.3076923076923077,1.0,1.0,,,,,,,,,,,,,,
1,167.64,60.328,1,V5,7c+,12,0.0,5,0.0,4.0,16.0,0.08288025460814215,1.0,1.0,,,,,,,,,,,,,,
1,171.0,67.2,15,V12,0,12,36.3,0,0.0,11.0,0.0,0.0,1.0,1.5401785714285714,,,,,,,,,,,,,,
1,178.0,77.0,1,V6,7a+,12,0.0,13,30.0,5.0,12.0,0.16883116883116883,1.3896103896103895,1.0,,,,,,,,,,,,,,
1,183.0,68.3,0,V5,7a+,20,0.0,15,0.0,4.0,12.0,0.21961932650073207,1.0,1.0,,,,,,,,,,,,,,
1,173.0,60.0,5,V10,7c,16,45.0,18,5.0,9.0,15.0,0.3,1.0833333333333333,1.75,,,,,,,,,,,,,,
2,169.0,65.0,15,V5,6c,4,0.0,1,0.0,4.0,9.0,0.015384615384615385,1.0,1.0,,,,,,,,,,,,,,
1,175.0,57.0,2,V11,8a+,12,36.0,23,35.0,10.0,18.0,0.40350877192982454,1.6140350877192982,1.631578947368421,,,,,,,,,,,,,,
1,178.0,71.0,11,V8,0,12,55.0,18,0.0,7.0,0.0,0.2535211267605634,1.0,1.7746478873239437,,,,,,,,,,,,,,
1,179.0,69.0,15,V9,7b,12,21.0,25,0.0,8.0,13.0,0.36231884057971014,1.0,1.3043478260869565,,,,,,,,,,,,,,
1,178.0,60.0,8,V8,7b,8,70.0,25,60.0,7.0,13.0,0.4166666666666667,2.0,2.1666666666666665,,,,,,,,,,,,,,
1,180.0,73.0,5,V8,7b,8,0.0,20,40.0,7.0,13.0,0.273972602739726,1.547945205479452,1.0,,,,,,,,,,,,,,
1,178.0,75.0,2,V4,6c,8,0.0,7,0.0,3.0,9.0,0.09333333333333334,1.0,1.0,,,,,,,,,,,,,,
1,185.0,82.0,1,V5,0,8,0.0,15,0.0,4.0,0.0,0.18292682926829268,1.0,1.0,,,,,,,,,,,,,,
1,178.0,72.0,2,V6,7a+,16,25.0,0,25.0,5.0,12.0,0.0,1.3472222222222223,1.3472222222222223,,,,,,,,,,,,,,
1,179.0,82.0,2,V5,0,16,0.0,9,5.0,4.0,0.0,0.10975609756097561,1.0609756097560976,1.0,,,,,,,,,,,,,,
1,185.3,87.0,0,V5,7a+,12,17.0,14,20.0,4.0,12.0,0.16091954022988506,1.2298850574712643,1.1954022988505748,,,,,,,,,,,,,,
1,178.0,68.0,1,V5,6c,12,10.0,12,0.0,4.0,9.0,0.17647058823529413,1.0,1.1470588235294117,,,,,,,,,,,,,,
1,172.0,65.7,6,V9,7c+,16,21.0,25,70.0,8.0,16.0,0.380517503805175,2.06544901065449,1.3196347031963471,,,,,,,,,,,,,,
1,182.0,70.0,5,V7,0,12,0.0,25,0.0,6.0,0.0,0.35714285714285715,1.0,1.0,,,,,,,,,,,,,,
1,170.0,68.0,1,V4,6b,4,0.0,6,0.0,3.0,7.0,0.08823529411764706,1.0,1.0,,,,,,,,,,,,,,
1,192.0,75.0,1,V6,0,12,0.0,15,25.0,5.0,0.0,0.2,1.3333333333333333,1.0,,,,,,,,,,,,,,
2,160.0,45.0,4,V8,7c+,16,0.0,20,20.0,7.0,16.0,0.4444444444444444,1.4444444444444444,1.0,,,,,,,,,,,,,,
1,173.0,61.235,2,V5,8a,12,0.0,0,0.0,4.0,17.0,0.0,1.0,1.0,,,,,,,,,,,,,,
1,178.0,70.0,15,V12,8a+,12,45.0,30,45.0,11.0,18.0,0.42857142857142855,1.6428571428571428,1.6428571428571428,,,,,,,,,,,,,,
2,172.0,62.0,15,V5,7b,12,0.0,0,0.0,4.0,13.0,0.0,1.0,1.0,,,,,,,,,,,,,,
1,170.0,65.0,3,V10,7b,12,40.0,20,25.0,9.0,13.0,0.3076923076923077,1.3846153846153846,1.6153846153846154,,,,,,,,,,,,,,
1,173.0,73.0,1,V5,0,12,7.5,9,15.0,4.0,0.0,0.1232876712328767,1.2054794520547945,1.1027397260273972,,,,,,,,,,,,,,
1,174.3,61.7,3,V5,0,4,0.0,20,0.0,4.0,0.0,0.3241491085899514,1.0,1.0,,,,,,,,,,,,,,
1,188.0,86.0,2,V5,0,8,29.0,18,0.0,4.0,0.0,0.20930232558139536,1.0,1.3372093023255813,,,,,,,,,,,,,,
1,193.0,91.5,4,V7,0,8,22.5,0,0.0,6.0,0.0,0.0,1.0,1.2459016393442623,,,,,,,,,,,,,,
1,172.72,55.0,1,V4,0,8,0.0,17,25.0,3.0,0.0,0.3090909090909091,1.4545454545454546,1.0,,,,,,,,,,,,,,
1,180.0,81.0,10,V7,8a,12,35.0,0,0.0,6.0,17.0,0.0,1.0,1.4320987654320987,,,,,,,,,,,,,,
1,110.0,60.0,1,V6,5a,20,0.0,30,15.0,5.0,2.0,0.5,1.25,1.0,,,,,,,,,,,,,,
1,180.0,68.0,1,V6,0,12,20.0,15,25.5,5.0,0.0,0.22058823529411764,1.375,1.2941176470588236,,,,,,,,,,,,,,
1,182.0,76.0,4,V9,8b,12,36.0,27,45.0,8.0,19.0,0.35526315789473684,1.5921052631578947,1.4736842105263157,,,,,,,,,,,,,,
1,186.0,74.0,10,V9,0,12,30.0,15,25.0,8.0,0.0,0.20270270270270271,1.337837837837838,1.4054054054054055,,,,,,,,,,,,,,
1,178.0,75.0,1,V3,7a+,8,0.0,0,0.0,2.0,12.0,0.0,1.0,1.0,,,,,,,,,,,,,,
1,187.0,80.0,3,V2,5c,8,0.0,5,10.0,,4.0,0.0625,1.125,1.0,,,,,,,,,,,,,,
2,165.0,52.0,13,V8,7c+,20,28.0,15,8.0,7.0,16.0,0.28846153846153844,1.1538461538461537,1.5384615384615385,,,,,,,,,,,,,,
1,168.0,61.6,3,V9,0,12,50.0,0,25.0,8.0,0.0,0.0,1.4058441558441557,1.8116883116883116,,,,,,,,,,,,,,
1,183.0,68.0,15,V6,7b,12,40.0,0,0.0,5.0,13.0,0.0,1.0,1.588235294117647,,,,,,,,,,,,,,
1,173.0,69.0,15,V7,7b+,12,0.0,0,0.0,6.0,14.0,0.0,1.0,1.0,,,,,,,,,,,,,,
1,182.0,78.0,1,V5,7a+,16,5.0,18,0.0,4.0,12.0,0.23076923076923078,1.0,1.064102564102564,,,,,,,,,,,,,,
1,190.0,77.0,8,V8,7c+,24,17.0,15,9.0,7.0,16.0,0.19480519480519481,1.1168831168831168,1.2207792207792207,,,,,,,,,,,,,,
1,170.0,62.0,5,V11,8a+,12,0.0,0,0.0,10.0,18.0,0.0,1.0,1.0,,,,,,,,,,,,,,
1,160.0,56.0,11,V8,8b,12,36.0,35,32.0,7.0,19.0,0.625,1.5714285714285714,1.6428571428571428,,,,,,,,,,,,,,
1,180.0,72.0,7,V11,7c,16,50.0,23,90.0,10.0,15.0,0.3194444444444444,2.25,1.6944444444444444,,,,,,,,,,,,,,
1,182.0,78.0,1,V7,0,20,0.0,20,20.0,6.0,0.0,0.2564102564102564,1.2564102564102564,1.0,,,,,,,,,,,,,,
1,160.0,56.0,11,V8,8b,16,0.0,0,35.0,7.0,19.0,0.0,1.625,1.0,,,,,,,,,,,,,,
1,182.0,84.0,3,V7,6b+,16,32.0,12,40.0,6.0,8.0,0.14285714285714285,1.4761904761904763,1.380952380952381,,,,,,,,,,,,,,
1,185.0,77.0,4,V8,0,12,29.0,23,25.0,7.0,0.0,0.2987012987012987,1.3246753246753247,1.3766233766233766,,,,,,,,,,,,,,
1,174.0,59.0,4,V11,0,16,0.0,22,0.0,10.0,0.0,0.3728813559322034,1.0,1.0,,,,,,,,,,,,,,
1,180.0,71.0,1,V5,8a+,8,0.0,10,15.0,4.0,18.0,0.14084507042253522,1.2112676056338028,1.0,,,,,,,,,,,,,,
1,177.0,78.0,1,V1,7c,12,25.0,15,35.0,,15.0,0.19230769230769232,1.4487179487179487,1.3205128205128205,,,,,,,,,,,,,,
2,158.75,58.96,3,V3,6c,4,0.0,1,0.0,2.0,9.0,0.016960651289009497,1.0,1.0,,,,,,,,,,,,,,
1,172.0,65.0,15,V6,7c,12,0.0,15,0.0,5.0,15.0,0.23076923076923078,1.0,1.0,,,,,,,,,,,,,,
1,176.0,76.0,14,V7,7b+,8,0.0,25,21.0,6.0,14.0,0.32894736842105265,1.2763157894736843,1.0,,,,,,,,,,,,,,
1,181.0,68.0,2,V4,6c,12,0.0,13,0.0,3.0,9.0,0.19117647058823528,1.0,1.0,,,,,,,,,,,,,,
1,172.0,82.5,2,V7,6c,8,0.0,0,0.0,6.0,9.0,0.0,1.0,1.0,,,,,,,,,,,,,,
1,165.0,63.0,9,V11,8b,16,50.0,10,40.0,10.0,19.0,0.15873015873015872,1.6349206349206349,1.7936507936507937,,,,,,,,,,,,,,
1,164.0,68.0,5,V5,8a,8,40.0,25,40.0,4.0,17.0,0.36764705882352944,1.588235294117647,1.588235294117647,,,,,,,,,,,,,,
1,178.0,65.0,4,V7,7c,12,0.0,30,0.0,6.0,15.0,0.46153846153846156,1.0,1.0,,,,,,,,,,,,,,
1,172.0,53.0,7,V9,0,8,41.25,15,25.0,8.0,0.0,0.2830188679245283,1.471698113207547,1.778301886792453,,,,,,,,,,,,,,
1,180.0,78.0,15,V10,4b,12,0.0,0,0.0,9.0,,0.0,1.0,1.0,,,,,,,,,,,,,,
1,180.0,63.5,1,V4,6c,4,36.0,20,30.0,3.0,9.0,0.31496062992125984,1.4724409448818898,1.5669291338582678,,,,,,,,,,,,,,
1,172.0,57.0,2,V6,7b+,8,0.0,15,0.0,5.0,14.0,0.2631578947368421,1.0,1.0,,,,,,,,,,,,,,
1,201.1,89.0,3,V9,7b,16,70.0,30,40.0,8.0,13.0,0.33707865168539325,1.449438202247191,1.7865168539325842,,,,,,,,,,,,,,
1,186.0,67.0,14,V9,0,4,27.0,17,20.0,8.0,0.0,0.2537313432835821,1.2985074626865671,1.4029850746268657,,,,,,,,,,,,,,
1,187.0,63.0,6,V8,8a,12,23.0,21,25.0,7.0,17.0,0.3333333333333333,1.3968253968253967,1.3650793650793651,,,,,,,,,,,,,,
1,183.0,84.0,2,V9,7a,12,20.0,15,0.0,8.0,11.0,0.17857142857142858,1.0,1.2380952380952381,,,,,,,,,,,,,,
1,173.0,68.0,8,V12,8a,16,60.0,25,10.0,11.0,17.0,0.36764705882352944,1.1470588235294117,1.8823529411764706,,,,,,,,,,,,,,
1,186.0,73.0,1,V5,0,12,25.0,0,0.0,4.0,0.0,0.0,1.0,1.3424657534246576,,,,,,,,,,,,,,
1,181.0,75.0,15,V9,8a,12,62.0,12,0.0,8.0,17.0,0.16,1.0,1.8266666666666667,,,,,,,,,,,,,,
1,173.0,70.0,0,V4,0,4,0.0,20,0.0,3.0,0.0,0.2857142857142857,1.0,1.0,,,,,,,,,,,,,,
1,178.0,67.0,1,V8,0,20,35.0,0,25.0,7.0,0.0,0.0,1.373134328358209,1.5223880597014925,,,,,,,,,,,,,,
2,168.0,62.0,12,V8,8a,12,0.0,0,20.0,7.0,17.0,0.0,1.3225806451612903,1.0,,,,,,,,,,,,,,
1,173.0,67.0,1,V5,7a+,12,0.0,8,0.0,4.0,12.0,0.11940298507462686,1.0,1.0,,,,,,,,,,,,,,
2,159.0,54.0,15,V9,0,12,17.0,8,0.0,8.0,0.0,0.14814814814814814,1.0,1.3148148148148149,,,,,,,,,,,,,,
1,179.0,78.0,0,V3,6c,12,0.0,0,0.0,2.0,9.0,0.0,1.0,1.0,,,,,,,,,,,,,,
2,150.0,49.0,1,V3,0,8,0.0,0,0.0,2.0,0.0,0.0,1.0,1.0,,,,,,,,,,,,,,
1,175.0,65.0,7,V5,7a+,4,0.0,25,25.0,4.0,12.0,0.38461538461538464,1.3846153846153846,1.0,,,,,,,,,,,,,,
1,172.0,72.0,1,V7,0,12,30.0,19,33.0,6.0,0.0,0.2638888888888889,1.4583333333333333,1.4166666666666667,,,,,,,,,,,,,,
1,183.0,75.0,2,V4,7a+,12,10.0,15,25.0,3.0,12.0,0.2,1.3333333333333333,1.1333333333333333,,,,,,,,,,,,,,
1,183.0,77.0,1,V8,0,12,0.0,0,0.0,7.0,0.0,0.0,1.0,1.0,,,,,,,,,,,,,,
1,174.0,64.0,12,V8,7b+,12,25.0,14,18.0,7.0,14.0,0.21875,1.28125,1.390625,,,,,,,,,,,,,,
2,168.0,62.0,0,V2,0,4,0.0,0,0.0,,0.0,0.0,1.0,1.0,,,,,,,,,,,,,,
1,180.0,60.0,0,V6,0,8,0.0,4,0.0,5.0,0.0,0.06666666666666667,1.0,1.0,,,,,,,,,,,,,,
1,169.0,58.0,1,V7,0,8,0.0,16,11.0,6.0,0.0,0.27586206896551724,1.1896551724137931,1.0,,,,,,,,,,,,,,
1,168.0,62.0,2,V4,6b,8,0.0,6,0.0,3.0,7.0,0.0967741935483871,1.0,1.0,,,,,,,,,,,,,,
1,181.0,80.0,1,V6,0,8,0.0,18,35.0,5.0,0.0,0.225,1.4375,1.0,,,,,,,,,,,,,,
1,182.0,65.0,3,V12,0,16,60.0,25,45.0,11.0,0.0,0.38461538461538464,1.6923076923076923,1.9230769230769231,,,,,,,,,,,,,,
1,170.0,85.0,1,V5,0,24,10.0,12,20.0,4.0,0.0,0.1411764705882353,1.2352941176470589,1.1176470588235294,,,,,,,,,,,,,,
1,183.0,70.0,5,V7,7c,12,0.0,13,0.0,6.0,15.0,0.18571428571428572,1.0,1.0,,,,,,,,,,,,,,
1,171.0,65.0,2,V8,7b+,8,23.0,12,25.0,7.0,14.0,0.18461538461538463,1.3846153846153846,1.353846153846154,,,,,,,,,,,,,,
